harvest,date,location,point,spp,origin,radius.01,radius.other,sup.seed01,sup.seed02,sup.seed03,sup.sapl,exp.seed01,exp.seed02,exp.seed03,exp.sapl,top4,other
boot,2020.06.19,interior,356,001,u,3.7,6,,,,,,,,,,
boot,2020.06.15,interior,363,001,u,3.7,6,,,,,,,,,,
boot,2020.06.17,perimeter,950,001,u,3.7,6,,,,,,,,,,
boot,2020.06.22,perimeter,961,001,u,3.7,6,,,,,,,,,,
cwb,2020.07.07,control,398,001,u,3.7,6,,,,,,,,,,
cwb,2020.07.09,control,701,001,u,3.7,6,,,,,,,,,,
cwb,2020.07.09,control,703,001,u,3.7,6,,,,,,,,,,
cwb,2020.07.07,control,709,001,u,3.7,6,,,,,,,,,,
cwb,2020.07.06,control,946,001,u,3.7,6,,,,,,,,,,
wedge,2020.06.25,perimeter,971,001,u,3.7,6,,,,,,,,,,
gl,2020.04.16,perimeter,834,90,s,3.7,6,1,,,,3,,,,1,
gl,2020.04.08,interior,836,90,s,3.7,6,,,,,1,,,,1,
gl,2020.04.08,interior,837,90,s,3.7,6,1,,,,1,,,,,
rp,2020.06.08,interior,340,129,s,3.7,6,1,,,,,,,,,
gl,2020.04.15,perimeter,810,261,s,3.7,6,,,,,,,1,,,
gl,2020.04.15,perimeter,808,315,r,3.7,6,1,,,,3,3,,,,
gl,2020.04.20,interior,875,315,r,3.7,6,,,,,2,,,,,
wedge,2020.06.25,interior,378,315,r,3.7,6,1,,,,1,2,,,2,
boot,2020.06.22,interior,352,315,s,3.7,6,1,,,,,,,,,
boot,2020.06.16,perimeter,965,315,s,3.7,6,,,,,,2,,,2,
cgl,2020.07.13,control,739,315,s,3.7,6,,,,,,2,,,1,
cwb,2020.06.29,control,393,315,s,3.7,6,2,,,,2,,,,2,
cwb,2020.07.07,control,395,315,s,3.7,6,1,,,,,,,,,
cwb,2020.07.09,control,710,315,s,3.7,6,,,,,1,,,,,
cwb,2020.07.06,control,948,315,s,3.7,6,1,,,,,,,,,
gl,2020.04.15,perimeter,808,315,s,3.7,6,1,,,,,1,,,,
gl,2020.04.16,perimeter,829,315,s,3.7,6,,,,,1,,,,,
gl,2020.04.14,interior,840,315,s,3.7,6,,,,,6,2,,,3,
gl,2020.04.14,interior,842,315,s,3.7,6,,,,,,1,,,,
gl,2020.05.04,interior,844,315,s,3.7,6,1,,,,,,,,,
gl,2020.04.06,interior,864,315,s,3.7,6,,,,,,1,,,,
gl,2020.04.20,interior,875,315,s,3.7,6,,,,,1,,,,,
gl,2020.04.22,interior,878,315,s,3.7,6,,1,,,,,,,,
rp,2020.05.28,interior,346,315,s,3.7,6,,,,,2,,,,,
rp,2020.06.08,perimeter,886,315,s,3.7,6,1,,,,,,,,,
boot,2020.06.16,perimeter,965,315,t,3.7,6,,,,,1,1,,,1,
cgl,2020.07.14,control,734,315,t,3.7,6,,,,,3,,,,1,
cgl,2020.07.13,control,739,315,t,3.7,6,,,,,,4,,,3,
crp,2020.07.15,control,767,315,t,3.7,6,,,,,,1,,,1,
gl,2020.04.22,interior,878,315,t,3.7,6,,,,,,3,,,,
wedge,2020.06.25,interior,378,315,t,3.7,6,,,,,2,1,,,2,
gl,2020.04.10,perimeter,827,316,r,3.7,6,2,,,,,,,,,
gl,2020.04.16,perimeter,831,316,r,3.7,6,1,,,,3,3,,,2,
boot,2020.06.16,interior,350,316,s,3.7,6,1,,,,,,,,,
boot,2020.06.22,interior,352,316,s,3.7,6,3,,,,,,,,,
boot,2020.06.16,interior,355,316,s,3.7,6,14,,,,1,,,,,
boot,2020.06.19,interior,358,316,s,3.7,6,1,,,,,,,,,
boot,2020.06.22,interior,364,316,s,3.7,6,1,,,,,,,,,
boot,2020.06.15,interior,369,316,s,3.7,6,4,,,,,,,,,
cgl,2020.07.14,control,730,316,s,3.7,6,,,,,3,,,,,
cgl,2020.07.13,control,737,316,s,3.7,6,,,,,2,,,,,
cgl,2020.07.14,control,738,316,s,3.7,6,,,,,2,,,,,
cgl,2020.07.10,control,744,316,s,3.7,6,1,,,,,,,,,
crp,2020.07.16,control,761,316,s,3.7,6,,,,,1,,,,,
crp,2020.07.16,control,762,316,s,3.7,6,,,,,1,,,,,
crp,2020.07.15,control,768,316,s,3.7,6,,,,,1,,,,1,
crp,2020.07.15,control,769,316,s,3.7,6,,,,,2,,,,,
crp,2020.07.15,control,770,316,s,3.7,6,,,,,2,,,,1,
crp,2020.07.15,control,771,316,s,3.7,6,2,,,,2,,,,,
crp,2020.07.15,control,775,316,s,3.7,6,,,,,1,,,,1,
cwb,2020.07.07,control,396,316,s,3.7,6,1,,,,,,,,1,
cwb,2020.07.09,control,399,316,s,3.7,6,1,,,,,,,,,
cwb,2020.07.06,control,948,316,s,3.7,6,2,,,,1,,,,,
gl,2020.04.15,perimeter,807,316,s,3.7,6,1,,,,,,,,,
gl,2020.04.15,perimeter,808,316,s,3.7,6,1,,,,,,,,,
gl,2020.04.15,perimeter,810,316,s,3.7,6,5,,,,,,,,,
gl,2020.04.17,perimeter,817,316,s,3.7,6,,,,,1,,,,,
gl,2020.04.10,perimeter,826,316,s,3.7,6,1,,,,,,,,,
gl,2020.04.10,perimeter,827,316,s,3.7,6,,,,,3,,,,,
gl,2020.04.16,perimeter,830,316,s,3.7,6,,,,,,1,,,,
gl,2020.04.16,perimeter,830,316,s,3.7,6,4,,,,2,6,,,1,
gl,2020.04.16,perimeter,831,316,s,3.7,6,3,,,,3,,,,1,
gl,2020.04.16,perimeter,832,316,s,3.7,6,,,,,2,,,,,
gl,2020.04.16,perimeter,834,316,s,3.7,6,,,,,5,,,,1,
gl,2020.04.16,perimeter,835,316,s,3.7,6,,,,,,1,,,,
gl,2020.05.08,interior,847,316,s,3.7,6,1,,,,1,,,,,
gl,2020.05.08,interior,850,316,s,3.7,6,,,,,1,,,,,
gl,2020.04.06,interior,864,316,s,3.7,6,5,,,,,,,,,
gl,2020.04.06,interior,866,316,s,3.7,6,,,,,2,,,,,
gl,2020.04.22,interior,878,316,s,3.7,6,1,,,,,,,,,
rp,2020.06.01,interior,336,316,s,3.7,6,2,,,,,,,,,
rp,2020.05.27,interior,337,316,s,3.7,6,,,,,8,1,,,3,
rp,2020.06.03,interior,338,316,s,3.7,6,,,,,20,,,,,
rp,2020.06.03,interior,339,316,s,3.7,6,,,,,,1,,,1,
rp,2020.06.08,interior,340,316,s,3.7,6,12,,,,,,,,,
rp,2020.05.27,interior,341,316,s,3.7,6,,,,,1,,,,,
rp,2020.06.09,interior,344,316,s,3.7,6,1,,,,1,,,1,,
rp,2020.05.28,interior,345,316,s,3.7,6,,,,,7,,,,,
rp,2020.05.28,interior,346,316,s,3.7,6,,,,,28,1,,,,
rp,2020.05.28,interior,347,316,s,3.7,6,,,,,1,,,,,
rp,2020.05.28,interior,348,316,s,3.7,6,,,,,11,,,,,
rp,2020.05.26,perimeter,880,316,s,3.7,6,1,,,,,,,,,
rp,2020.06.01,perimeter,883,316,s,3.7,6,,,,,1,,,,,
rp,2020.06.01,perimeter,885,316,s,3.7,6,2,,,,,,,,,
rp,2020.06.08,perimeter,886,316,s,3.7,6,1,,,,,,,,,
rp,2020.06.08,perimeter,887,316,s,3.7,6,2,,,,,,,,,
rp,2020.06.09,perimeter,890,316,s,3.7,6,,,,,2,,,,,
rp,2020.06.09,perimeter,891,316,s,3.7,6,4,,,,6,,,,,
rp,2020.06.09,perimeter,892,316,s,3.7,6,,,,,3,,,,,
wedge,2020.06.25,interior,375,316,s,3.7,6,1,,,,,,,,,
wedge,2020.06.23,perimeter,967,316,s,3.7,6,4,,,,,,,,,
boot,2020.06.16,interior,355,316,t,3.7,6,,,,,,4,,,,
boot,2020.06.12,interior,368,316,t,3.7,6,,,,,,1,,,1,
boot,2020.06.19,perimeter,953,316,t,3.7,6,4,,,,,4,,,3,
cgl,2020.07.14,control,730,316,t,3.7,6,,,,,,4,,,4,
cgl,2020.07.14,control,733,316,t,3.7,6,,,,,4,,,,,
cgl,2020.07.14,control,735,316,t,3.7,6,,,,,4,1,,,1,
cgl,2020.07.10,control,742,316,t,3.7,6,1,,,,2,,,,1,
crp,2020.07.17,control,748,316,t,3.7,6,,,,,1,,,,,
crp,2020.07.16,control,762,316,t,3.7,6,,,,,4,,,,,
crp,2020.07.15,control,767,316,t,3.7,6,,,,,4,,,,,
crp,2020.07.15,control,774,316,t,3.7,6,,,,,3,,,,2,
cwb,2020.07.06,control,389,316,t,3.7,6,4,,,,,,,,4,
gl,2020.04.10,perimeter,826,316,t,3.7,6,1,,,,3,1,,,1,
gl,2020.04.10,perimeter,827,316,t,3.7,6,,,,,1,1,,,,
gl,2020.04.16,perimeter,829,316,t,3.7,6,,,,,,3,,,1,
gl,2020.04.16,perimeter,831,316,t,3.7,6,7,,,,,7,,,,
gl,2020.04.08,interior,838,316,t,3.7,6,,,,,,4,,,1,
gl,2020.04.14,interior,839,316,t,3.7,6,,,,,,4,,,,
gl,2020.05.08,interior,847,316,t,3.7,6,1,,,,,,,,,
rp,2020.06.03,interior,338,316,t,3.7,6,,,,,,4,,,4,
rp,2020.06.09,interior,342,316,t,3.7,6,,,,,6,3,,,2,
rp,2020.06.09,interior,344,316,t,3.7,6,,,,,3,1,,,,
rp,2020.05.28,interior,348,316,t,3.7,6,,,,,3,,,,,
rp,2020.05.26,perimeter,881,316,t,3.7,6,,,,,,4,,,1,
rp,2020.06.01,perimeter,884,316,t,3.7,6,,,,,4,4,,,1,
rp,2020.06.08,perimeter,887,316,t,3.7,6,2,,,,,5,,,1,
rp,2020.06.08,perimeter,888,316,t,3.7,6,,,,,1,4,,,4,
gl,2020.04.15,perimeter,807,318,r,3.7,6,1,,,,,,,,,
boot,2020.06.19,perimeter,953,318,s,3.7,6,1,,,,,,,,,
boot,2020.06.16,perimeter,965,318,s,3.7,6,,,,,2,,,,,
gl,2020.04.14,perimeter,801,318,s,3.7,6,,,,,,1,,,1,
gl,2020.04.14,perimeter,802,318,s,3.7,6,3,1,,,,,,,,
gl,2020.04.15,perimeter,808,318,s,3.7,6,1,,,,,,,,,
gl,2020.04.16,perimeter,835,318,s,3.7,6,,,,,5,1,,,1,
gl,2020.04.14,interior,840,318,s,3.7,6,,,,,1,,,,,
gl,2020.04.14,interior,843,318,s,3.7,6,,,,,,,1,,1,
gl,2020.05.08,interior,847,318,s,3.7,6,4,,,,,,,,,
gl,2020.05.05,interior,853,318,s,3.7,6,1,,,,,1,,,,
gl,2020.04.06,interior,864,318,s,3.7,6,1,,,,,,,,,
gl,2020.04.06,interior,865,318,s,3.7,6,7,,,,,,,,,
gl,2020.04.22,interior,878,318,s,3.7,6,1,,,,,,,,,
rp,2020.06.03,interior,338,318,s,3.7,6,,,,,1,,,,,
rp,2020.05.28,interior,346,318,s,3.7,6,,,,,1,,,,,
rp,2020.06.09,perimeter,891,318,s,3.7,6,1,,,,,,,,,
wedge,2020.06.23,perimeter,967,318,s,3.7,6,1,,,,,,,,,
gl,2020.04.14,perimeter,802,318,t,3.7,6,,,,,,1,,,,
gl,2020.04.15,perimeter,804,318,t,3.7,6,,,,,,1,,,,
gl,2020.04.15,perimeter,807,318,t,3.7,6,2,,,,3,1,,,,
gl,2020.04.15,perimeter,808,318,t,3.7,6,,,,,,4,,,,
gl,2020.04.16,perimeter,831,318,t,3.7,6,,1,,,,,,,,
gl,2020.04.08,interior,837,318,t,3.7,6,,,,,,1,,,,
gl,2020.04.08,interior,837,318,t,3.7,6,,,,,1,3,,,,
gl,2020.04.08,interior,837,318,t,3.7,6,,,,,,4,,,2,
gl,2020.04.14,interior,842,318,t,3.7,6,,,,,,4,,,2,
gl,2020.05.08,interior,851,318,t,3.7,6,,,,,,2,,,2,
gl,2020.05.05,interior,852,318,t,3.7,6,,,,,,2,,,1,
gl,2020.05.05,interior,853,318,t,3.7,6,1,,,,1,2,,,,
gl,2020.04.23,interior,859,318,t,3.7,6,,,,,,5,,,1,
gl,2020.04.22,interior,860,318,t,3.7,6,,,,,,4,,,,
gl,2020.04.20,interior,868,318,t,3.7,6,,,,,,4,,,4,
gl,2020.04.22,interior,870,318,t,3.7,6,,,,,5,1,,,2,
rp,2020.05.28,interior,348,356,t,3.7,6,,,,,8,4,,,4,
crp,2020.07.16,control,758,356,r,3.7,6,,,,,7,,,,,
crp,2020.07.15,control,773,356,r,3.7,6,,,,,4,,,,,
rp,2020.05.27,interior,337,356,r,3.7,6,,,,,2,,,,1,
rp,2020.06.03,interior,338,356,r,3.7,6,,,,,3,3,,,,
rp,2020.06.09,interior,342,356,r,3.7,6,,,,,5,,,,,
rp,2020.06.09,interior,343,356,r,3.7,6,,,,,4,,,,2,
rp,2020.06.09,interior,344,356,r,3.7,6,5,,,,2,,,,,
rp,2020.06.01,perimeter,883,356,r,3.7,6,1,,,,6,1,,,1,
rp,2020.06.09,perimeter,891,356,r,3.7,6,10,,,,9,2,,,,
cgl,2020.07.14,control,730,356,s,3.7,6,,,,,1,,,,,
cgl,2020.07.14,control,733,356,s,3.7,6,1,,,,,,,,,
cgl,2020.07.14,control,734,356,s,3.7,6,,,,,3,,,,,
cgl,2020.07.13,control,737,356,s,3.7,6,,,,,1,,,,,
cgl,2020.07.14,control,738,356,s,3.7,6,,,,,3,,,,1,
cgl,2020.07.10,control,742,356,s,3.7,6,,,,,1,,,,,
crp,2020.07.16,control,756,356,s,3.7,6,1,,,,6,,,,,
crp,2020.07.16,control,757,356,s,3.7,6,,,,,2,,,,,
crp,2020.07.16,control,758,356,s,3.7,6,1,,,,5,,,,2,
crp,2020.07.16,control,759,356,s,3.7,6,,,,,4,,,,,
crp,2020.07.16,control,760,356,s,3.7,6,,,,,6,,,,,
crp,2020.07.15,control,768,356,s,3.7,6,,,,,2,,,,2,
crp,2020.07.15,control,770,356,s,3.7,6,,,,,1,,,,,
crp,2020.07.15,control,771,356,s,3.7,6,1,,,,1,,,,1,
crp,2020.07.15,control,773,356,s,3.7,6,,,,,1,1,,,,
cwb,2020.07.06,control,948,356,s,3.7,6,,,,,1,,,,,
gl,2020.04.22,interior,860,356,s,3.7,6,,,,,,1,,,,
rp,2020.06.01,interior,335,356,s,3.7,6,1,,,,,,,,,
rp,2020.06.01,interior,336,356,s,3.7,6,,,,,9,1,,,,
rp,2020.05.27,interior,337,356,s,3.7,6,,,,,1,,,,,
rp,2020.06.03,interior,338,356,s,3.7,6,,,,,14,,,,,
rp,2020.06.03,interior,339,356,s,3.7,6,,,,,5,,,,,
rp,2020.05.27,interior,341,356,s,3.7,6,,,,,2,,,,,
rp,2020.06.09,interior,343,356,s,3.7,6,2,,,,5,,,,,
rp,2020.05.26,perimeter,881,356,s,3.7,6,10,1,,,2,13,,,,
rp,2020.06.01,perimeter,883,356,s,3.7,6,3,,,,2,1,,,,
rp,2020.06.01,perimeter,885,356,s,3.7,6,,1,,,,,,,,
rp,2020.06.08,perimeter,888,356,s,3.7,6,,,,,1,,,,,
rp,2020.06.09,perimeter,892,356,s,3.7,6,1,,,,1,,,,,
crp,2020.07.17,control,748,356,t,3.7,6,,,,,4,,,,4,
crp,2020.07.17,control,757,356,t,3.7,6,,,,,4,,,,,
crp,2020.07.16,control,757,356,t,3.7,6,,,,,10,,,,,
crp,2020.07.17,control,765,356,t,3.7,6,,,,,2,,,,,
crp,2020.07.15,control,767,356,t,3.7,6,,,,,4,,,,,
crp,2020.07.15,control,775,356,t,3.7,6,,,,,1,,,,,
rp,2020.06.01,interior,335,356,t,3.7,6,,4,,,,,,,,
rp,2020.06.01,interior,336,356,t,3.7,6,4,,,,,,,,,
rp,2020.06.09,interior,344,356,t,3.7,6,1,,,,,1,,,,
rp,2020.05.26,perimeter,880,356,t,3.7,6,,,,,,3,,,,
rp,2020.05.26,perimeter,881,356,t,3.7,6,1,,,,4,10,,,,
rp,2020.06.08,perimeter,887,356,t,3.7,6,,,,,,4,,,,
gl,2020.04.15,perimeter,810,356,s,3.7,6,,,,,,,,1,,
gl,2020.04.17,perimeter,819,356,s,3.7,6,2,1,,,,1,,,,
gl,2020.04.10,perimeter,826,356,s,3.7,6,,,,,1,,,,,
gl,2020.04.17,perimeter,829,356,s,3.7,6,,,,,1,,,,,
gl,2020.04.16,perimeter,830,356,s,3.7,6,3,,,,1,,,,,
gl,2020.04.14,interior,842,356,s,3.7,6,,,,,,2,,,,
gl,2020.04.15,perimeter,810,356,t,3.7,6,,,,,,1,,,,
gl,2020.04.08,interior,838,356,t,3.7,6,,,,,3,1,,,,
gl,2020.04.14,interior,842,356,t,3.7,6,1,,,,,2,,,,
crp,2020.07.16,control,755,356,s,3.7,6,,,,,1,,,,,
gl,2020.04.16,perimeter,835,356,s,3.7,6,,,,,,1,,,,
gl,2020.05.08,interior,848,372,s,3.7,6,,,,,,1,,,1,
boot,2020.06.15,perimeter,958,372,s,3.7,6,,,,,1,,,,,
cwb,2020.07.06,control,388,372,s,3.7,6,2,,,,,,,,2,
cwb,2020.07.06,control,389,372,s,3.7,6,1,,,,8,,,,,
cwb,2020.07.06,control,390,372,s,3.7,6,9,,,,22,,,,4,
cwb,2020.07.07,control,394,372,s,3.7,6,1,,,,,,,,1,
boot,2020.06.17,perimeter,951,372,r,3.7,6,8,,,,3,1,,,,
boot,2020.06.16,interior,350,372,s,3.7,6,,,,,2,,,,,
boot,2020.06.17,interior,351,372,s,3.7,6,,,,,9,,,,,
boot,2020.06.22,interior,352,372,s,3.7,6,,,,,,1,,,,
boot,2020.06.17,interior,353,372,s,3.7,6,5,,,,13,,,,3,
boot,2020.06.22,interior,354,372,s,3.7,6,5,,,,,,,,,
boot,2020.06.16,interior,355,372,s,3.7,6,1,,,,6,,,,,
boot,2020.06.22,interior,357,372,s,3.7,6,1,,,,,1,,,1,
boot,2020.06.22,interior,360,372,s,3.7,6,,,,,2,,,,,
boot,2020.06.22,interior,365,372,s,3.7,6,1,,,,,,,,,
boot,2020.06.12,interior,366,372,s,3.7,6,1,,,,6,3,,,4,
boot,2020.06.12,interior,367,372,s,3.7,6,1,,,,,,,,,
boot,2020.06.15,interior,369,372,s,3.7,6,10,,,,27,,,,4,
boot,2020.06.17,perimeter,951,372,s,3.7,6,4,,,,11,1,,,,
boot,2020.06.19,perimeter,952,372,s,3.7,6,1,,,,4,,,,,
boot,2020.06.19,perimeter,953,372,s,3.7,6,2,,,,1,,,,,
boot,2020.06.12,perimeter,956,372,s,3.7,6,,,,,7,,,,,
boot,2020.06.15,perimeter,958,372,s,3.7,6,10,,,,15,,,,,
boot,2020.06.15,perimeter,959,372,s,3.7,6,2,,,,9,,,,,
boot,2020.06.16,perimeter,962,372,s,3.7,6,1,,,,,,,,,
boot,2020.06.16,perimeter,963,372,s,3.7,6,1,,,,4,,,,,
boot,2020.06.16,perimeter,964,372,s,3.7,6,3,,,,4,,,,3,
boot,2020.06.16,perimeter,965,372,s,3.7,6,2,,,,17,1,,,1,
cgl,2020.07.14,control,731,372,s,3.7,6,,,,,4,,,,1,
cgl,2020.07.14,control,732,372,s,3.7,6,,,,,1,3,,,3,
cgl,2020.07.14,control,733,372,s,3.7,6,,,,,1,,,,,
cgl,2020.07.14,control,734,372,s,3.7,6,,,,,,,,,,
cgl,2020.07.14,control,735,372,s,3.7,6,,,,,3,,,,,
cgl,2020.07.13,control,737,372,s,3.7,6,,,,,2,,,,1,
cgl,2020.07.14,control,738,372,s,3.7,6,,,,,2,,,,1,
cgl,2020.07.13,control,740,372,s,3.7,6,,,,,11,,,,,
cgl,2020.07.10,control,742,372,s,3.7,6,2,,,,23,,,,,
cgl,2020.07.10,control,743,372,s,3.7,6,2,,,,24,,,,,
cgl,2020.07.13,control,744,372,s,3.7,6,7,,,,21,,,,2,
cgl,2020.07.10,control,745,372,s,3.7,6,,,,,2,1,,,1,
crp,2020.07.17,control,746,372,s,3.7,6,,,,,1,,,,,
crp,2020.07.17,control,747,372,s,3.7,6,,,,,2,,,,2,
crp,2020.07.17,control,748,372,s,3.7,6,,,,,2,,,,,
crp,2020.07.17,control,750,372,s,3.7,6,,,,,1,,,,1,
crp,2020.07.16,control,752,372,s,3.7,6,,,,,2,,,,,
crp,2020.07.16,control,753,372,s,3.7,6,,,,,2,,,,,
crp,2020.07.16,control,754,372,s,3.7,6,,,,,7,,,,,
crp,2020.07.16,control,755,372,s,3.7,6,,,,,1,,,,,
crp,2020.07.16,control,756,372,s,3.7,6,,,,,1,,,,,
crp,2020.07.16,control,758,372,s,3.7,6,1,,,,9,,,,,
crp,2020.07.16,control,761,372,s,3.7,6,,,,,2,,,,,
crp,2020.07.16,control,762,372,s,3.7,6,1,,,,2,,,,,
crp,2020.07.16,control,763,372,s,3.7,6,,,,,6,,,,4,
crp,2020.07.17,control,764,372,s,3.7,6,,,,,4,,,,,
crp,2020.07.16,control,766,372,s,3.7,6,,,,,3,,,,,
crp,2020.07.15,control,768,372,s,3.7,6,,,,,1,,,,,
crp,2020.07.15,control,769,372,s,3.7,6,,,,,1,,,,1,
crp,2020.07.15,control,770,372,s,3.7,6,,,,,4,,,,2,
crp,2020.07.15,control,771,372,s,3.7,6,1,,,,,,,,,
cwb,2020.07.06,control,385,372,s,3.7,6,,,,,,3,,,3,
cwb,2020.06.29,control,386,372,s,3.7,6,2,,,,18,,,,4,
cwb,2020.06.29,control,387,372,s,3.7,6,8,,,,23,,,,4,
cwb,2020.07.06,control,388,372,s,3.7,6,2,,,,,,,,2,
cwb,2020.07.06,control,390,372,s,3.7,6,,,,,,,,,,
cwb,2020.06.29,control,391,372,s,3.7,6,3,,,,5,,,,4,
cwb,2020.06.29,control,392,372,s,3.7,6,1,,,,1,,,,,
cwb,2020.06.29,control,393,372,s,3.7,6,35,,,,30,,,,1,
cwb,2020.07.07,control,395,372,s,3.7,6,,,,,,,,,,
cwb,2020.07.07,control,397,372,s,3.7,6,1,,,,,,,,,
cwb,2020.07.09,control,702,372,s,3.7,6,1,,,,8,,,,3,
cwb,2020.07.07,control,705,372,s,3.7,6,1,,,,,,,,,
cwb,2020.07.07,control,706,372,s,3.7,6,2,,,,1,,,,3,
cwb,2020.07.07,control,708,372,s,3.7,6,1,,,,16,,,,4,
cwb,2020.07.09,control,711,372,s,3.7,6,3,,,,6,,,,4,
cwb,2020.07.06,control,948,372,s,3.7,6,,,,,,1,,,1,
gl,2020.04.15,perimeter,806,372,s,3.7,6,,1,,,1,,,,,
gl,2020.04.15,perimeter,808,372,s,3.7,6,,,,,,4,6,1,4,
gl,2020.04.15,perimeter,809,372,s,3.7,6,,,,,5,1,,,,
gl,2020.04.15,perimeter,810,372,s,3.7,6,22,,,,,18,,,1,
gl,2020.04.15,perimeter,811,372,s,3.7,6,6,,,,4,54,,,4,
gl,2020.04.15,perimeter,812,372,s,3.7,6,1,,,,1,9,,,1,
gl,2020.04.20,perimeter,815,372,s,3.7,6,,,,,1,5,,,,
gl,2020.04.20,perimeter,816,372,s,3.7,6,1,,,,4,10,,,2,
gl,2020.04.17,perimeter,817,372,s,3.7,6,,1,,,2,1,,,,
gl,2020.04.17,perimeter,818,372,s,3.7,6,,,,,,2,,,,
gl,2020.04.17,perimeter,819,372,s,3.7,6,,,,,,2,,,,
gl,2020.05.08,interior,849,372,s,3.7,6,,,,,,2,,,,
gl,2020.04.23,interior,858,372,s,3.7,6,,,,,6,,,,,
gl,2020.04.06,interior,865,372,s,3.7,6,,,,,,1,,,,
gl,2020.04.06,interior,866,372,s,3.7,6,2,,,,,32,,,4,
gl,2020.04.20,interior,867,372,s,3.7,6,,,,,3,1,,,1,
gl,2020.04.22,interior,869,372,s,3.7,6,5,,,,,1,,,1,
gl,2020.04.22,interior,871,372,s,3.7,6,,,,,,1,,,,
gl,2020.04.20,interior,875,372,s,3.7,6,,,,,,1,,,,
gl,2020.04.20,interior,876,372,s,3.7,6,3,,,,1,,,,,
gl,2020.04.22,interior,877,372,s,3.7,6,,,,,1,,,,1,
rp,2020.05.27,interior,334,372,s,3.7,6,,,,,4,,,,1,
rp,2020.06.01,interior,336,372,s,3.7,6,1,,,,,,,,,
rp,2020.06.09,interior,344,372,s,3.7,6,,,,,2,1,,,,
rp,2020.05.28,interior,346,372,s,3.7,6,,,,,1,,,,,
rp,2020.05.26,perimeter,880,372,s,3.7,6,1,,,,,,,,,
rp,2020.06.01,perimeter,885,372,s,3.7,6,1,,,,,,,,,
rp,2020.06.08,perimeter,889,372,s,3.7,6,1,,,,,,,,,
rp,2020.06.09,perimeter,890,372,s,3.7,6,,,,,2,,,,,
wedge,2020.06.29,interior,370,372,s,3.7,6,6,,,,12,,,,,
wedge,2020.06.29,interior,371,372,s,3.7,6,6,,,,16,,,,,
wedge,2020.06.29,interior,372,372,s,3.7,6,3,,,,,,,,,
wedge,2020.06.23,interior,373,372,s,3.7,6,,,,,97,,,,,
wedge,2020.06.25,interior,375,372,s,3.7,6,2,,,,1,,,,1,
wedge,2020.06.25,interior,378,372,s,3.7,6,1,,,,1,,,,,
wedge,2020.06.23,interior,380,372,s,3.7,6,1,,,,,,,,,
wedge,2020.06.23,perimeter,966,372,s,3.7,6,3,,,,1,,,,,
wedge,2020.06.23,perimeter,967,372,s,3.7,6,2,,,,5,,,,,
wedge,2020.06.25,perimeter,972,372,s,3.7,6,11,,,,2,1,,,,
wedge,2020.06.29,perimeter,974,372,s,3.7,6,5,,,,,,,,,
wedge,2020.06.23,perimeter,975,372,s,3.7,6,,,,,13,,,,,
boot,2020.06.12,interior,366,372,t,3.7,6,,,,,2,,,,,
crp,2020.07.16,control,757,372,t,3.7,6,,,,,1,,,,,
crp,2020.07.16,control,766,372,t,3.7,6,,,,,1,1,,,,
gl,2020.04.17,perimeter,822,372,t,3.7,6,,,,,8,,,,1,
gl,2020.04.06,interior,865,372,t,3.7,6,,,,,,3,,,3,
gl,2020.05.08,interior,850,372,s,3.7,6,,,,,1,,,,,
boot,2020.06.16,interior,349,372,s,3.7,6,7,,,,1,,,,,
boot,2020.06.15,perimeter,959,375,s,3.7,6,,,,,,1,,,,
cgl,2020.07.13,control,736,375,s,3.7,6,1,,,,,,,,1,
cgl,2020.07.13,control,744,375,s,3.7,6,1,,,,1,,,,,
crp,2020.07.17,control,746,375,s,3.7,6,,,,,1,,,,,
crp,2020.07.17,control,747,375,s,3.7,6,,,,,2,,,,2,
crp,2020.07.17,control,748,375,s,3.7,6,,,,,1,,,,,
crp,2020.07.16,control,752,375,s,3.7,6,,,,,1,,,,1,
gl,2020.04.15,perimeter,805,375,s,3.7,6,1,,,,,1,,,,
gl,2020.04.17,perimeter,819,375,s,3.7,6,,1,,,,2,,,,
gl,2020.04.17,perimeter,820,375,s,3.7,6,3,2,,,,2,,,,
gl,2020.04.17,perimeter,821,375,s,3.7,6,1,,,,,4,,,,
gl,2020.04.17,perimeter,822,375,s,3.7,6,,,,,1,,,,1,
gl,2020.04.10,perimeter,826,375,s,3.7,6,1,,,,1,1,,,,
gl,2020.04.10,perimeter,827,375,s,3.7,6,,,,,,1,,,1,
gl,2020.04.10,perimeter,828,375,s,3.7,6,1,,,,2,2,,,,
gl,2020.04.16,perimeter,830,375,s,3.7,6,3,,,,1,,,,,
gl,2020.04.16,perimeter,832,375,s,3.7,6,,,,,2,,,,,
gl,2020.04.16,perimeter,833,375,s,3.7,6,,,,,1,,,,1,
gl,2020.04.14,interior,841,375,s,3.7,6,,,,,,1,,,1,
gl,2020.04.22,interior,871,375,s,3.7,6,3,,,,,2,,,,
rp,2020.06.01,perimeter,885,375,s,3.7,6,,,,,,1,,,,
rp,2020.06.09,perimeter,890,375,s,3.7,6,,,,,1,1,,,1,
rp,2020.06.09,perimeter,891,375,s,3.7,6,1,,,,1,,,,,
rp,2020.06.09,perimeter,892,375,s,3.7,6,,,,,1,,,,,
gl,2020.04.08,interior,838,375,t,3.7,6,,,,,,2,,,2,
crp,2020.07.16,control,754,375,s,3.7,6,,,,,1,,,,,
boot,2020.06.19,interior,358,379,s,3.7,6,2,,,,,2,,,2,
gl,2020.04.15,perimeter,813,379,s,3.7,6,,,,,,,1,,1,
cgl,2020.07.14,control,731,391,s,3.7,6,,,,,4,,,,1,
cgl,2020.07.14,control,734,391,s,3.7,6,,,,,3,,,,,
cgl,2020.07.13,control,737,391,s,3.7,6,,,,,1,,,,,
gl,2020.04.14,interior,840,391,s,3.7,6,,,,,2,,,,,
rp,2020.06.08,interior,340,391,s,3.7,6,,,,,,1,,,,
cgl,2020.07.14,control,734,391,t,3.7,6,,,,,4,,,,2,
cgl,2020.07.14,control,735,391,t,3.7,6,,,,,2,,,,,
cgl,2020.07.13,control,737,391,t,3.7,6,,,,,3,,,,1,
cgl,2020.07.14,control,731,500,s,3.7,6,1,,,,,,,,,
cgl,2020.07.14,control,738,500,s,3.7,6,,,,,1,,,,,
wedge,2020.06.23,perimeter,967,531,r,3.7,6,1,,,,,,,,,
boot,2020.06.16,interior,350,531,r,3.7,6,,,,,8,1,,,3,
boot,2020.06.12,interior,366,531,r,3.7,6,,,,,2,,,,,
boot,2020.06.15,interior,369,531,r,3.7,6,4,,,,,,,,,
cgl,2020.07.14,control,729,531,r,3.7,6,,,,,2,,,,,
cgl,2020.07.14,control,733,531,r,3.7,6,3,,,,,,,,,
cgl,2020.07.14,control,734,531,r,3.7,6,,,,,6,,,,1,
cgl,2020.07.13,control,737,531,r,3.7,6,,,,,1,,,,,
cgl,2020.07.14,control,738,531,r,3.7,6,,,,,2,,,,1,
cgl,2020.07.13,control,739,531,r,3.7,6,2,,,,,,,,,
cgl,2020.07.13,control,740,531,r,3.7,6,,,,,3,,,,1,
cgl,2020.07.10,control,742,531,r,3.7,6,,,,,2,,,,1,
cgl,2020.07.13,control,744,531,r,3.7,6,,,,,4,,,,2,
crp,2020.07.16,control,752,531,r,3.7,6,,,,,6,,,,,
crp,2020.07.16,control,753,531,r,3.7,6,,,,,4,,,,,
crp,2020.07.16,control,754,531,r,3.7,6,1,,,,3,,,,,
crp,2020.07.16,control,755,531,r,3.7,6,,,,,8,,,,,
crp,2020.07.16,control,756,531,r,3.7,6,1,,,,6,,,,,
crp,2020.07.16,control,757,531,r,3.7,6,,,,,11,,,,,
crp,2020.07.16,control,758,531,r,3.7,6,3,,,,7,,,,,
crp,2020.07.16,control,762,531,r,3.7,6,,,,,2,,,,,
crp,2020.07.17,control,764,531,r,3.7,6,,,,,6,,,,4,
crp,2020.07.16,control,766,531,r,3.7,6,1,,,,,,,,,
crp,2020.07.15,control,769,531,r,3.7,6,,,,,1,,,,,
crp,2020.07.15,control,770,531,r,3.7,6,,,,,1,,,,1,
cwb,2020.07.09,control,702,531,r,3.7,6,,,,,,1,,,1,
cwb,2020.07.09,control,710,531,r,3.7,6,2,,,,4,,,,4,
cwb,2020.07.09,control,712,531,r,3.7,6,2,,,,,,,,,
cwb,2020.07.06,control,947,531,r,3.7,6,,,,,,3,,,2,
gl,2020.04.14,perimeter,803,531,r,3.7,6,,,,,7,,,,,
gl,2020.04.15,perimeter,805,531,r,3.7,6,9,,,,,,,,,
gl,2020.04.15,perimeter,806,531,r,3.7,6,6,,,,,,,,,
gl,2020.04.15,perimeter,808,531,r,3.7,6,3,,,,3,,,,,
gl,2020.04.15,perimeter,810,531,r,3.7,6,2,,,,,,,,,
gl,2020.04.15,perimeter,811,531,r,3.7,6,18,,,,14,,,,,
gl,2020.04.15,perimeter,812,531,r,3.7,6,5,,,,9,,,,,
gl,2020.04.17,perimeter,817,531,r,3.7,6,1,,,,1,,,,,
gl,2020.04.17,perimeter,819,531,r,3.7,6,16,,,,,,,,,
gl,2020.04.17,perimeter,821,531,r,3.7,6,3,,,,,,,,,
gl,2020.04.10,perimeter,826,531,r,3.7,6,,,,,7,,,,,
gl,2020.04.14,interior,840,531,r,3.7,6,,,,,1,,,,,
gl,2020.05.05,interior,854,531,r,3.7,6,13,,,,6,,,,,
gl,2020.04.06,interior,866,531,r,3.7,6,4,,,,2,,,,,
gl,2020.04.20,interior,867,531,r,3.7,6,,,,,3,,,,,
gl,2020.04.20,interior,876,531,r,3.7,6,2,,,,,,,,,
rp,2020.06.09,interior,342,531,r,3.7,6,,,,,3,,,,,
rp,2020.06.09,interior,343,531,r,3.7,6,,,,,5,,,,,
wedge,2020.06.29,interior,371,531,r,3.7,6,1,,,,1,,,,,
wedge,2020.06.25,interior,375,531,r,3.7,6,,,,,1,,,,1,
wedge,2020.06.25,perimeter,969,531,r,3.7,6,3,,,,,,,,,
wedge,2020.06.29,perimeter,974,531,r,3.7,6,2,,,,,,,,,
wedge,2020.06.23,perimeter,975,531,r,3.7,6,,,,,4,,,,,
boot,2020.06.12,interior,367,531,s,3.7,6,1,,,,,,,,,
boot,2020.06.15,interior,369,531,s,3.7,6,,,,,1,,,,,
boot,2020.06.19,perimeter,952,531,s,3.7,6,1,,,,,,,,,
cgl,2020.07.13,control,737,531,s,3.7,6,,,,,1,,,,1,
crp,2020.07.16,control,759,531,s,3.7,6,,,,,,,,1,1,
crp,2020.07.15,control,773,531,s,3.7,6,,,,,,1,,,,
cwb,2020.06.29,control,393,531,s,3.7,6,,,,,,1,,,1,
cwb,2020.07.09,control,400,531,s,3.7,6,,,,,,1,,,,
gl,2020.04.15,perimeter,808,531,s,3.7,6,,,,,,1,,,,
gl,2020.04.15,perimeter,810,531,s,3.7,6,1,,,,,3,,1,3,
gl,2020.04.15,perimeter,811,531,s,3.7,6,,,,,,,,,,
gl,2020.04.17,perimeter,817,531,s,3.7,6,,,,,1,,,,,
gl,2020.04.10,perimeter,825,531,s,3.7,6,1,,,,1,,,,,
gl,2020.04.16,perimeter,829,531,s,3.7,6,1,,,,,,,,,
gl,2020.05.05,interior,854,531,s,3.7,6,1,,,,,3,,,1,
gl,2020.04.06,interior,864,531,s,3.7,6,1,2,,,,,,1,1,
gl,2020.04.20,interior,867,531,s,3.7,6,,,,,,2,,,2,
gl,2020.04.20,interior,876,531,s,3.7,6,1,,,,,,,,,
rp,2020.06.09,interior,342,531,s,3.7,6,,,,,,,,,,
rp,2020.06.01,perimeter,883,531,s,3.7,6,1,,,,,,,,,
rp,2020.06.08,perimeter,887,531,s,3.7,6,,,,,1,,,,,
rp,2020.06.09,perimeter,891,531,s,3.7,6,2,,,,,,,,,
wedge,2020.06.25,perimeter,970,531,s,3.7,6,,,,,1,,,,,
cgl,2020.07.14,control,729,531,t,3.7,6,,,,,4,,,,3,
cgl,2020.07.14,control,732,531,t,3.7,6,,,,,4,1,,,1,
cgl,2020.07.13,control,737,531,t,3.7,6,,,,,4,,,,1,
cgl,2020.07.13,control,740,531,t,3.7,6,,,,,4,,,,2,
cgl,2020.07.10,control,745,531,t,3.7,6,,,,,6,,,,3,
crp,2020.07.16,control,752,531,t,3.7,6,,,,,4,,,,2,
crp,2020.07.16,control,753,531,t,3.7,6,,,,,6,,,,4,
crp,2020.07.16,control,756,531,t,3.7,6,,,,,4,,,,,
crp,2020.07.17,control,757,531,t,3.7,6,,,,,1,,,,1,
crp,2020.07.16,control,758,531,t,3.7,6,,,,,3,,,,2,
crp,2020.07.16,control,759,531,t,3.7,6,,,,,4,,,,2,
crp,2020.07.16,control,760,531,t,3.7,6,,,,,2,,,,,
crp,2020.07.16,control,761,531,t,3.7,6,,,,,1,,,,,
crp,2020.07.16,control,762,531,t,3.7,6,,,,,1,,,,,
crp,2020.07.17,control,764,531,t,3.7,6,,,,,6,,,,,
crp,2020.07.17,control,765,531,t,3.7,6,,,,,4,,,,3,
crp,2020.07.16,control,766,531,t,3.7,6,,,,,3,,,,,
crp,2020.07.15,control,769,531,t,3.7,6,,,,,5,,,,3,
crp,2020.07.15,control,773,531,t,3.7,6,,,,,3,,,,3,
cwb,2020.07.09,control,400,531,t,3.7,6,,,,,,4,,,4,
cwb,2020.07.09,control,710,531,t,3.7,6,,,,,3,,,,,
cwb,2020.07.06,control,947,531,t,3.7,6,,,,,,3,,,2,
gl,2020.04.14,perimeter,803,531,t,3.7,6,,,,,1,,,,,
gl,2020.04.15,perimeter,805,531,t,3.7,6,,,,,5,,,,,
gl,2020.04.15,perimeter,806,531,t,3.7,6,1,,,,,,,,,
gl,2020.04.15,perimeter,808,531,t,3.7,6,,,,,,,,,,
gl,2020.04.15,perimeter,811,531,t,3.7,6,,,,,4,1,,,,
gl,2020.04.17,perimeter,819,531,t,3.7,6,,,,,8,,,,,
gl,2020.04.17,perimeter,820,531,t,3.7,6,5,,,,,,,,,
gl,2020.04.10,perimeter,826,531,t,3.7,6,,,,,,,,,,
gl,2020.04.16,perimeter,829,531,t,3.7,6,,,,,4,,,,,
gl,2020.04.16,perimeter,831,531,t,3.7,6,2,,,,,,,,,
gl,2020.04.14,interior,840,531,t,3.7,6,,,,,4,,,,,
gl,2020.05.08,interior,849,531,t,3.7,6,,,,,,1,,,,
gl,2020.05.05,interior,854,531,t,3.7,6,12,,,,,,,,,
gl,2020.04.06,interior,862,531,t,3.7,6,2,,,,,,,,,
gl,2020.04.20,interior,867,531,t,3.7,6,,,,,3,,,,,
gl,2020.04.22,interior,872,531,t,3.7,6,,,,,1,,,,,
rp,2020.05.28,interior,348,531,t,3.7,6,,,,,4,,,,,
rp,2020.06.08,perimeter,887,531,t,3.7,6,,,,,4,1,,,,
gl,2020.04.22,interior,878,541,r,3.7,6,2,,,,4,6,,,,
boot,2020.06.16,interior,349,541,s,3.7,6,,,,,1,,,,1,
boot,2020.06.16,interior,350,541,s,3.7,6,1,,,,3,,,,,
boot,2020.06.16,interior,355,541,s,3.7,6,2,,,,,,,,,
boot,2020.06.22,interior,359,541,s,3.7,6,2,,,,,,,,,
boot,2020.06.12,interior,361,541,s,3.7,6,,,,,2,,,,2,
boot,2020.06.15,interior,362,541,s,3.7,6,21,,,,,,,,,
boot,2020.06.22,interior,364,541,s,3.7,6,1,,,,2,,,,,
boot,2020.06.22,interior,365,541,s,3.7,6,9,,,,,,,,,
boot,2020.06.12,interior,367,541,s,3.7,6,1,,,,,,,,,
boot,2020.06.12,interior,368,541,s,3.7,6,,,,,2,,,,,
boot,2020.06.15,interior,369,541,s,3.7,6,1,,,,,,,,,
boot,2020.06.19,perimeter,952,541,s,3.7,6,1,,,,,,,,,
boot,2020.06.19,perimeter,953,541,s,3.7,6,3,,,,1,,,,,
boot,2020.06.12,perimeter,954,541,s,3.7,6,1,,,,1,,,,,
boot,2020.06.15,perimeter,958,541,s,3.7,6,1,,,,,,,,,
boot,2020.06.15,perimeter,959,541,s,3.7,6,1,,,,1,,,,,
boot,2020.06.22,perimeter,960,541,s,3.7,6,10,,,,,,,,,
boot,2020.06.16,perimeter,965,541,s,3.7,6,,,,,2,,,,,
cgl,2020.07.14,control,730,541,s,3.7,6,,,,,5,,,,,
cgl,2020.07.14,control,731,541,s,3.7,6,1,,,,1,,,,,
cgl,2020.07.14,control,732,541,s,3.7,6,1,,,,,,,,,
cgl,2020.07.14,control,735,541,s,3.7,6,,,,,5,,,,,
cgl,2020.07.14,control,738,541,s,3.7,6,,,,,3,,,,,
crp,2020.07.16,control,763,541,s,3.7,6,,,,,1,,,,,
crp,2020.07.15,control,767,541,s,3.7,6,,,,,3,,,,,
crp,2020.07.15,control,771,541,s,3.7,6,3,,,,,,,,,
cwb,2020.07.06,control,384,541,s,3.7,6,,,,,3,,,,3,
cwb,2020.07.06,control,385,541,s,3.7,6,,,,,4,,,,1,
cwb,2020.07.07,control,395,541,s,3.7,6,,,,,2,,,,2,
cwb,2020.07.09,control,400,541,s,3.7,6,1,,,,,,,,,
cwb,2020.07.07,control,707,541,s,3.7,6,1,,,,,,,,1,
cwb,2020.07.07,control,708,541,s,3.7,6,1,,,,1,,,,,
cwb,2020.07.09,control,710,541,s,3.7,6,,,,,2,,,,,
cwb,2020.07.09,control,712,541,s,3.7,6,2,,,,1,,,,,
cwb,2020.07.09,control,713,541,s,3.7,6,2,,,,,,,,,
cwb,2020.07.06,control,947,541,s,3.7,6,1,,,,3,,,,,
cwb,2020.07.06,control,948,541,s,3.7,6,4,,,,20,,,,3,
cwb,2020.07.06,control,949,541,s,3.7,6,2,,,,1,,,,3,
gl,2020.04.14,perimeter,802,541,s,3.7,6,22,1,,,,,,,,
gl,2020.04.14,perimeter,803,541,s,3.7,6,,,,,1,4,,,4,
gl,2020.04.15,perimeter,804,541,s,3.7,6,1,,,,2,1,,,4,
gl,2020.04.15,perimeter,805,541,s,3.7,6,1,,,,1,,,,1,
gl,2020.04.15,perimeter,808,541,s,3.7,6,,,,,,1,,,,
gl,2020.04.17,perimeter,817,541,s,3.7,6,,,,,1,,,,,
gl,2020.04.17,perimeter,818,541,s,3.7,6,1,,,,,,,,,
gl,2020.04.10,perimeter,823,541,s,3.7,6,2,,,,1,,,,,
gl,2020.04.10,perimeter,824,541,s,3.7,6,1,,,,,,,,,
gl,2020.04.17,perimeter,829,541,s,3.7,6,,,,,1,,,,1,
gl,2020.04.16,perimeter,835,541,s,3.7,6,,,,,1,4,,,2,
gl,2020.04.08,interior,836,541,s,3.7,6,,,,,1,,,,1,
gl,2020.04.14,interior,839,541,s,3.7,6,1,,,,,,,,,
gl,2020.04.14,interior,842,541,s,3.7,6,,,,,,1,,,,
gl,2020.04.14,interior,843,541,s,3.7,6,,,,,,10,,,1,
gl,2020.05.04,interior,844,541,s,3.7,6,1,,,,1,,,,,
gl,2020.05.05,interior,845,541,s,3.7,6,1,,,,1,1,,,,
gl,2020.05.08,interior,847,541,s,3.7,6,1,,,,,1,,,,
gl,2020.05.08,interior,850,541,s,3.7,6,,,,,1,,,,1,
gl,2020.05.08,interior,851,541,s,3.7,6,3,,,,,1,,,,
gl,2020.05.05,interior,852,541,s,3.7,6,,,,,,10,,,3,
gl,2020.05.05,interior,853,541,s,3.7,6,4,,,,2,3,,,,
gl,2020.05.08,interior,855,541,s,3.7,6,5,,,,2,,,,,
gl,2020.04.06,interior,857,541,s,3.7,6,,,,,,1,,,1,
gl,2020.04.06,interior,857,541,s,3.7,6,2,,,,1,,,,,
gl,2020.04.23,interior,859,541,s,3.7,6,1,,,,,,,,,
gl,2020.04.22,interior,860,541,s,3.7,6,1,,,,1,3,,,,
gl,2020.04.23,interior,861,541,s,3.7,6,3,,,,,3,,,,
gl,2020.04.06,interior,864,541,s,3.7,6,5,,,,,,,,,
gl,2020.04.06,interior,865,541,s,3.7,6,1,,,,,,,,,
gl,2020.04.20,interior,868,541,s,3.7,6,1,,,,2,3,,,,
gl,2020.04.22,interior,869,541,s,3.7,6,3,,,,2,,,,2,
gl,2020.04.22,interior,872,541,s,3.7,6,1,,,,,,,,,
gl,2020.04.20,interior,876,541,s,3.7,6,1,,,,,,,,,
gl,2020.04.22,interior,878,541,s,3.7,6,1,,,,,7,,,,
rp,2020.06.01,interior,335,541,s,3.7,6,2,,,,,,,,,
rp,2020.06.01,interior,336,541,s,3.7,6,,,,,1,1,,,,
rp,2020.06.03,interior,338,541,s,3.7,6,,,,,4,,,,,
rp,2020.06.03,interior,339,541,s,3.7,6,,,,,4,,,,1,
rp,2020.06.08,interior,340,541,s,3.7,6,3,,,,6,7,,,,
rp,2020.06.09,interior,343,541,s,3.7,6,1,,,,,,,,,
rp,2020.05.28,interior,345,541,s,3.7,6,,,,,3,,,,2,
rp,2020.05.28,interior,346,541,s,3.7,6,1,,,,1,,,,,
rp,2020.05.28,interior,347,541,s,3.7,6,,,,,1,,,,,
rp,2020.05.28,interior,348,541,s,3.7,6,1,,,,1,,,,,
rp,2020.06.01,perimeter,883,541,s,3.7,6,1,,,,,1,,,1,
rp,2020.06.08,perimeter,889,541,s,3.7,6,,,,,2,,,,2,
rp,2020.06.09,perimeter,890,541,s,3.7,6,1,,,,2,,,,,
wedge,2020.06.25,interior,375,541,s,3.7,6,2,,,,,,,,,
wedge,2020.06.25,interior,378,541,s,3.7,6,1,,,,1,,,,,
wedge,2020.06.23,interior,380,541,s,3.7,6,,,,,1,,,,,
wedge,2020.06.23,interior,381,541,s,3.7,6,1,,,,1,,,,2,
wedge,2020.06.25,interior,382,541,s,3.7,6,3,,,,,,,,,
wedge,2020.06.23,perimeter,967,541,s,3.7,6,2,,,,,,,,,
wedge,2020.06.23,perimeter,968,541,s,3.7,6,,,,,3,,,,,
cgl,2020.07.14,control,730,541,t,3.7,6,1,,,,1,1,,,,
cgl,2020.07.14,control,735,541,t,3.7,6,,,,,4,,,,,
gl,2020.04.15,perimeter,804,541,t,3.7,6,,,,,,3,,,,
gl,2020.04.10,perimeter,828,541,t,3.7,6,,,,,,4,,,1,
gl,2020.05.05,interior,845,541,t,3.7,6,,,,,,1,,,,
gl,2020.05.08,interior,847,541,t,3.7,6,,,,,,4,1,,1,
gl,2020.05.08,interior,851,541,t,3.7,6,,,,,,1,,,,
gl,2020.04.06,interior,857,541,t,3.7,6,,,,,3,,,,,
rp,2020.05.28,interior,345,541,t,3.7,6,,,,,4,,,,2,
rp,2020.05.28,interior,348,541,t,3.7,6,,,,,2,,,,,
gl,2020.04.20,interior,875,541,s,3.7,6,,,,,3,,,,,
wedge,2020.06.25,interior,383,372,s,3.7,6,1,,,,1,,,,,
rp,2020.06.08,perimeter,887,375,t,3.7,6,,,,,,3,,,,
gl,2020.04.17,perimeter,820,621,r,3.7,6,7,,,,,,,,,
gl,2020.04.15,perimeter,812,621,s,3.7,6,1,,,,4,2,,,1,
gl,2020.04.20,interior,875,621,s,3.7,6,,,,,11,,,,,
cgl,2020.07.10,control,743,701,s,3.7,6,1,,,,,,,,,
crp,2020.07.15,control,767,701,s,3.7,6,,,,,4,,,,2,
rp,2020.06.08,interior,340,701,s,3.7,6,,,,,,1,,,,
rp,2020.06.08,perimeter,886,701,s,3.7,6,,1,,,,,,,,
cgl,2020.07.13,control,739,701,t,3.7,6,1,,,,1,,,,,
cgl,2020.07.10,control,745,701,t,3.7,6,2,,,,1,,,,,
crp,2020.07.15,control,767,701,t,3.7,6,,,,,2,,,,1,
gl,2020.05.08,interior,849,701,t,3.7,6,,,,,,8,,,,
rp,2020.06.08,perimeter,887,701,t,3.7,6,,,,,,13,,,2,
gl,2020.04.08,interior,836,701,s,3.7,6,,,,,2,,,,,
gl,2020.04.15,perimeter,805,743,r,3.7,6,,,,,,1,,,,
gl,2020.04.17,perimeter,817,743,r,3.7,6,,1,,,,11,,,3,
gl,2020.04.17,perimeter,818,743,r,3.7,6,1,,,,,2,2,,1,
gl,2020.04.17,perimeter,820,743,r,3.7,6,2,6,,,,9,5,,3,
gl,2020.04.10,perimeter,827,743,r,3.7,6,8,2,,,2,9,1,,3,
gl,2020.04.16,perimeter,833,743,r,3.7,6,2,2,,,15,,,,3,
gl,2020.04.22,interior,870,743,r,3.7,6,,,,,,2,,,2,
gl,2020.04.22,interior,871,743,r,3.7,6,15,,,,,14,2,,,
gl,2020.04.22,interior,872,743,r,3.7,6,,,,,,8,,,4,
gl,2020.04.22,interior,878,743,r,3.7,6,,,,,,7,2,,3,
gl,2020.04.22,interior,879,743,r,3.7,6,4,,,,5,8,,,2,
rp,2020.06.01,interior,336,743,r,3.7,6,,,,,,11,4,,4,
rp,2020.05.27,interior,341,743,r,3.7,6,1,,,,1,4,1,,4,
rp,2020.05.28,interior,347,743,r,3.7,6,,,,,1,8,,,3,
rp,2020.05.26,perimeter,882,743,r,3.7,6,,,,,5,5,,,4,
rp,2020.06.01,perimeter,883,743,r,3.7,6,,,,,,2,,,2,
rp,2020.06.01,perimeter,884,743,r,3.7,6,,,,,,1,,,1,
rp,2020.06.01,perimeter,885,743,r,3.7,6,2,,,,,15,4,,,
gl,2020.04.14,perimeter,801,743,s,3.7,6,1,,,,,1,,,1,
gl,2020.04.14,perimeter,802,743,s,3.7,6,,,,,,5,,,2,
gl,2020.04.15,perimeter,805,743,s,3.7,6,,,,,,2,,,2,
gl,2020.04.15,perimeter,806,743,s,3.7,6,,,,,2,,,,,
gl,2020.04.15,perimeter,807,743,s,3.7,6,,,,,,1,,,,
gl,2020.04.15,perimeter,811,743,s,3.7,6,,,,,,1,,,,
gl,2020.04.15,perimeter,812,743,s,3.7,6,,,,,,1,,,1,
gl,2020.04.20,perimeter,815,743,s,3.7,6,,,,,5,3,,,2,
gl,2020.04.17,perimeter,819,743,s,3.7,6,1,1,,,,4,,,,
gl,2020.04.17,perimeter,821,743,s,3.7,6,,,,,1,16,2,,1,
gl,2020.04.17,perimeter,822,743,s,3.7,6,,,,,4,6,,,2,
gl,2020.04.10,perimeter,823,743,s,3.7,6,,,,,1,8,2,,2,
gl,2020.04.10,perimeter,824,743,s,3.7,6,,2,,,,2,1,,,
gl,2020.04.10,perimeter,825,743,s,3.7,6,1,1,,,,,,,,
gl,2020.04.10,perimeter,826,743,s,3.7,6,2,,,,12,,,,3,
gl,2020.04.10,perimeter,828,743,s,3.7,6,5,,,,8,7,1,,3,
gl,2020.04.16,perimeter,829,743,s,3.7,6,,,,,,1,,,1,
gl,2020.04.16,perimeter,830,743,s,3.7,6,2,,,,6,9,,,3,
gl,2020.04.16,perimeter,831,743,s,3.7,6,,2,,,,5,,,1,
gl,2020.04.16,perimeter,832,743,s,3.7,6,,,,,2,3,,,3,
gl,2020.04.16,perimeter,834,743,s,3.7,6,5,,,,4,2,,,2,
gl,2020.04.08,interior,836,743,s,3.7,6,,,,,2,,,,2,
gl,2020.05.05,interior,845,743,s,3.7,6,,,,,,2,,,,
gl,2020.05.08,interior,846,743,s,3.7,6,,,,,,2,,,2,
gl,2020.05.08,interior,848,743,s,3.7,6,2,,,,,5,,,3,
gl,2020.05.08,interior,849,743,s,3.7,6,,1,,,,,,,,
gl,2020.05.08,interior,850,743,s,3.7,6,,,,,2,1,,,3,
gl,2020.05.08,interior,851,743,s,3.7,6,,,,,1,2,,,2,
gl,2020.05.05,interior,852,743,s,3.7,6,,,,,,2,,,,
gl,2020.05.05,interior,853,743,s,3.7,6,,,,,,1,,,,
gl,2020.04.23,interior,858,743,s,3.7,6,4,,,,7,5,,,4,
gl,2020.04.22,interior,860,743,s,3.7,6,10,,,,7,28,2,,4,
gl,2020.04.23,interior,861,743,s,3.7,6,,,,,,,1,,,
gl,2020.04.06,interior,865,743,s,3.7,6,,,,,,1,,,,
gl,2020.04.22,interior,869,743,s,3.7,6,1,,,,,,,,,
rp,2020.05.27,interior,337,743,s,3.7,6,,,,,3,,,,,
rp,2020.05.28,interior,346,743,s,3.7,6,,,,,,1,,,1,
rp,2020.05.26,perimeter,881,743,s,3.7,6,,,,,,1,,,,
wedge,2020.06.25,interior,375,743,s,3.7,6,,,,,1,,,,,
cgl,2020.07.14,control,731,743,r,3.7,6,2,,,,2,1,,,1,
cgl,2020.07.14,control,733,743,r,3.7,6,,,,,1,4,,,4,
cgl,2020.07.14,control,734,743,r,3.7,6,,,,,3,,,,,
cgl,2020.07.14,control,735,743,r,3.7,6,1,,,,,,,,,
cgl,2020.07.13,control,737,743,r,3.7,6,,,,,1,,,,,
cgl,2020.07.13,control,740,743,r,3.7,6,,,,,3,,,,,
crp,2020.07.16,control,752,743,r,3.7,6,,,,,1,,,,1,
crp,2020.07.16,control,758,743,r,3.7,6,1,,,,2,,,,,
crp,2020.07.16,control,759,743,r,3.7,6,,,,,,,1,,1,
crp,2020.07.16,control,760,743,r,3.7,6,,,,,3,6,,1,4,
crp,2020.07.16,control,761,743,r,3.7,6,,,,,3,3,2,,4,
crp,2020.07.16,control,762,743,r,3.7,6,,,,,2,2,,,4,
crp,2020.07.16,control,763,743,r,3.7,6,,,,,9,,,,,
crp,2020.07.17,control,764,743,r,3.7,6,,,,,2,,,,,
crp,2020.07.17,control,765,743,r,3.7,6,,,,,1,,,,1,
crp,2020.07.16,control,766,743,r,3.7,6,,,,,1,3,,1,4,
cwb,2020.06.29,control,392,743,r,3.7,6,1,,,,,,2,,2,
gl,2020.04.08,interior,837,743,r,3.7,6,,,,,,8,,,2,
rp,2020.06.01,interior,335,743,r,3.7,6,2,1,,,,,,,,
rp,2020.06.09,interior,342,743,r,3.7,6,,,,,,1,1,1,2,
rp,2020.06.09,interior,343,743,r,3.7,6,,,,,1,2,,,2,
rp,2020.06.08,perimeter,886,743,r,3.7,6,,,,,,4,3,,1,
rp,2020.06.09,perimeter,890,743,r,3.7,6,,,,,3,,,,,
rp,2020.06.09,perimeter,891,743,r,3.7,6,,,,,,3,,,2,
wedge,2020.06.29,interior,370,743,r,3.7,6,,,,,,7,4,,4,
wedge,2020.06.29,perimeter,973,743,r,3.7,6,,,,,3,7,,,4,
wedge,2020.06.29,perimeter,974,743,r,3.7,6,,,,,3,2,,,4,
wedge,2020.06.23,perimeter,975,743,r,3.7,6,,,,,3,6,,,4,
cgl,2020.07.10,control,742,743,s,3.7,6,,,,,2,,,,,
gl,2020.04.23,interior,859,743,s,3.7,6,1,2,,,3,8,,,2,
crp,2020.07.16,control,752,743,t,3.7,6,,,,,3,,,,,
crp,2020.07.16,control,757,743,s,3.7,6,,,,,1,,,,,
cgl,2020.07.14,control,729,746,r,3.7,6,,,,,,1,,,1,
cgl,2020.07.14,control,731,746,r,3.7,6,,,,,1,1,,,1,
cgl,2020.07.14,control,733,746,r,3.7,6,1,,,,,,,,,
cgl,2020.07.14,control,735,746,r,3.7,6,,,,,2,6,,,3,
cgl,2020.07.13,control,740,746,r,3.7,6,,,,,1,,,,,
cgl,2020.07.10,control,743,746,r,3.7,6,,,,,1,,,,,
cgl,2020.07.13,control,744,746,r,3.7,6,1,,,,10,,,,,
crp,2020.07.17,control,746,746,r,3.7,6,,,,,2,,,,,
gl,2020.04.14,interior,839,746,r,3.7,6,3,4,,,,8,2,,4,
gl,2020.04.14,interior,840,746,r,3.7,6,,,,,,1,,,1,
rp,2020.06.01,interior,335,746,r,3.7,6,4,14,,,,4,16,2,,
rp,2020.06.09,interior,342,746,r,3.7,6,,,,,,,,1,,
rp,2020.06.09,interior,344,746,r,3.7,6,,,,,,4,,3,,
rp,2020.06.08,perimeter,886,746,r,3.7,6,2,,,,,13,15,1,3,
boot,2020.06.17,interior,353,746,s,3.7,6,,,,,1,,,,1,
boot,2020.06.12,perimeter,956,746,s,3.7,6,,,,,1,,,,,
boot,2020.06.16,perimeter,963,746,s,3.7,6,1,,,,3,,,,2,
cgl,2020.07.10,control,742,746,s,3.7,6,,,,,1,,,,,
gl,2020.04.14,interior,841,746,s,3.7,6,5,,,,2,4,,,1,
wedge,2020.06.29,interior,370,746,s,3.7,6,1,,,,,,,,,
rp,2020.05.28,interior,346,761,r,3.7,6,,,,,,4,1,,3,
boot,2020.06.16,interior,350,761,s,3.7,6,,,,,1,,,,1,
boot,2020.06.16,interior,355,761,s,3.7,6,,,,,,2,6,1,4,
boot,2020.06.22,interior,359,761,s,3.7,6,,2,,,,4,7,,4,
boot,2020.06.22,interior,360,761,s,3.7,6,,,,,5,9,,,4,
boot,2020.06.15,interior,362,761,s,3.7,6,,,,,,,2,,2,
boot,2020.06.22,interior,364,761,s,3.7,6,,,,,,10,,,4,
boot,2020.06.22,interior,365,761,s,3.7,6,,,,,,1,1,,2,
boot,2020.06.12,interior,368,761,s,3.7,6,,,,,1,,,,,
boot,2020.06.17,perimeter,951,761,s,3.7,6,1,,,,,,4,,4,
boot,2020.06.19,perimeter,953,761,s,3.7,6,,,,,,1,,,1,
boot,2020.06.12,perimeter,954,761,s,3.7,6,,,,,1,1,,,2,
boot,2020.06.12,perimeter,955,761,s,3.7,6,1,,,,1,2,,,3,
boot,2020.06.12,perimeter,957,761,s,3.7,6,,,,,,2,2,,4,
boot,2020.06.15,perimeter,958,761,s,3.7,6,,,,,,7,,,4,
boot,2020.06.15,perimeter,959,761,s,3.7,6,,,,,7,21,,,4,
boot,2020.06.22,perimeter,960,761,s,3.7,6,,,,,1,5,2,,4,
boot,2020.06.16,perimeter,962,761,s,3.7,6,2,,,,,,,,,
boot,2020.06.16,perimeter,964,761,s,3.7,6,,,,,,1,,,1,
cgl,2020.07.13,control,740,761,s,3.7,6,,,,,1,,,,,
crp,2020.07.16,control,756,761,s,3.7,6,2,,,,,,,,,
crp,2020.07.16,control,757,761,s,3.7,6,1,,,,2,,,,,
cwb,2020.06.29,control,387,761,s,3.7,6,3,,,,,,,,,
cwb,2020.07.06,control,388,761,s,3.7,6,1,,,,,,,,,
cwb,2020.07.06,control,389,761,s,3.7,6,2,,,,1,,,,,
cwb,2020.06.29,control,392,761,s,3.7,6,2,,,,,,,,,
cwb,2020.07.07,control,704,761,s,3.7,6,,,,,,1,,,1,
cwb,2020.07.07,control,705,761,s,3.7,6,1,,,,,,,,,
gl,2020.04.15,perimeter,805,761,s,3.7,6,,,,,,1,,,,
gl,2020.04.15,perimeter,806,761,s,3.7,6,2,,,,,4,2,,4,
gl,2020.04.15,perimeter,807,761,s,3.7,6,4,1,,,,4,1,,4,
gl,2020.04.15,perimeter,809,761,s,3.7,6,1,,,,,11,,,4,
gl,2020.04.15,perimeter,810,761,s,3.7,6,2,,,,,3,,,,
gl,2020.04.15,perimeter,811,761,s,3.7,6,8,,,,2,1,,,,
gl,2020.04.15,perimeter,812,761,s,3.7,6,,,,,,3,,,1,
gl,2020.04.15,perimeter,813,761,s,3.7,6,,,,,,1,,,1,
gl,2020.04.20,perimeter,815,761,s,3.7,6,,,,,,4,,,2,
gl,2020.04.20,perimeter,816,761,s,3.7,6,,,,,,3,1,,2,
gl,2020.04.17,perimeter,817,761,s,3.7,6,,,,,,,1,,1,
gl,2020.04.17,perimeter,818,761,s,3.7,6,,,,,,,5,,3,
gl,2020.04.17,perimeter,819,761,s,3.7,6,,1,,,,7,6,,4,
gl,2020.04.17,perimeter,820,761,s,3.7,6,4,6,,,,12,3,,1,
gl,2020.04.17,perimeter,821,761,s,3.7,6,1,2,,,,5,7,,3,
gl,2020.04.10,perimeter,823,761,s,3.7,6,,,,,,1,1,,2,
gl,2020.04.10,perimeter,824,761,s,3.7,6,1,1,,,,2,8,1,4,
gl,2020.04.10,perimeter,825,761,s,3.7,6,,5,,,,4,11,,4,
gl,2020.04.10,perimeter,828,761,s,3.7,6,,,,,1,,,,,
gl,2020.04.16,perimeter,829,761,s,3.7,6,,,,,2,,,,,
gl,2020.04.16,perimeter,835,761,s,3.7,6,,,,,,1,,,,
gl,2020.04.08,interior,837,761,s,3.7,6,,,,,,3,,,,
gl,2020.04.08,interior,838,761,s,3.7,6,,,,,,1,,,,
gl,2020.04.14,interior,839,761,s,3.7,6,,,,,,1,,,,
gl,2020.04.14,interior,841,761,s,3.7,6,4,,,,,14,,,2,
gl,2020.04.14,interior,842,761,s,3.7,6,,,,,,,1,,1,
gl,2020.05.08,interior,846,761,s,3.7,6,,,,,1,1,,,,
gl,2020.05.08,interior,847,761,s,3.7,6,,,,,,1,2,,,
gl,2020.05.08,interior,849,761,s,3.7,6,,,,,,,4,,4,
gl,2020.05.05,interior,854,761,s,3.7,6,,,,,,5,1,,3,
gl,2020.05.08,interior,855,761,s,3.7,6,,,,,,6,,,,
gl,2020.04.23,interior,859,761,s,3.7,6,,,,,,6,2,,1,
gl,2020.04.22,interior,860,761,s,3.7,6,,,,,,4,,,,
gl,2020.04.06,interior,863,761,s,3.7,6,,,,,,1,,,,
gl,2020.04.06,interior,864,761,s,3.7,6,35,,,,,30,,,3,
gl,2020.04.06,interior,865,761,s,3.7,6,,,,,,1,,,1,
gl,2020.04.06,interior,866,761,s,3.7,6,,,,,55,6,,,,
gl,2020.04.22,interior,871,761,s,3.7,6,1,,,,,9,4,,4,
gl,2020.04.22,interior,872,761,s,3.7,6,,,,,,1,,,,
gl,2020.04.20,interior,875,761,s,3.7,6,,,,,,3,1,,4,
gl,2020.04.22,interior,879,761,s,3.7,6,2,,,,3,,2,,2,
rp,2020.05.27,interior,334,761,s,3.7,6,,,,,1,,,,,
rp,2020.06.08,interior,340,761,s,3.7,6,,,,,,2,2,,4,
rp,2020.05.27,interior,341,761,s,3.7,6,,,,,1,1,,,,
rp,2020.05.28,interior,347,761,s,3.7,6,,,,,11,2,,,1,
rp,2020.05.28,interior,348,761,s,3.7,6,,,,,1,5,,,,
rp,2020.05.26,perimeter,880,761,s,3.7,6,3,,,,8,45,,,4,
rp,2020.05.26,perimeter,881,761,s,3.7,6,,,,,,11,,,3,
rp,2020.05.26,perimeter,882,761,s,3.7,6,,,,,5,,,,,
rp,2020.06.01,perimeter,884,761,s,3.7,6,,,,,,3,,,2,
rp,2020.06.08,perimeter,886,761,s,3.7,6,,1,,,,,,,,
rp,2020.06.08,perimeter,887,761,s,3.7,6,1,,,,,3,,,1,
rp,2020.06.09,perimeter,891,761,s,3.7,6,,,,,12,2,,,1,
rp,2020.06.09,perimeter,892,761,s,3.7,6,,,,,4,9,,,4,
wedge,2020.06.29,interior,370,761,s,3.7,6,4,,,,4,2,,,,
wedge,2020.06.29,interior,371,761,s,3.7,6,,,,,,3,,,3,
wedge,2020.06.29,interior,372,761,s,3.7,6,,,,,3,20,4,,4,
wedge,2020.06.23,interior,373,761,s,3.7,6,,,,,24,,,,4,
wedge,2020.06.23,interior,374,761,s,3.7,6,,,,,,3,15,2,4,
wedge,2020.06.25,interior,375,761,s,3.7,6,,,,,,1,1,,2,
wedge,2020.06.23,interior,376,761,s,3.7,6,3,12,,,,20,31,,4,
wedge,2020.06.23,interior,377,761,s,3.7,6,,25,,,,42,10,,4,
wedge,2020.06.25,interior,378,761,s,3.7,6,1,,,,1,,,,,
wedge,2020.06.25,interior,379,761,s,3.7,6,,,,,,1,,,,
wedge,2020.06.23,interior,380,761,s,3.7,6,,,,,,7,,,,
wedge,2020.06.25,interior,382,761,s,3.7,6,,,,,,4,2,,4,
wedge,2020.06.25,interior,383,761,s,3.7,6,,,,,2,14,,,,
wedge,2020.06.23,perimeter,966,761,s,3.7,6,5,12,,,,51,6,,4,
wedge,2020.06.23,perimeter,967,761,s,3.7,6,2,1,,,,12,5,,4,
wedge,2020.06.25,perimeter,969,761,s,3.7,6,,,,,,13,4,,4,
wedge,2020.06.25,perimeter,970,761,s,3.7,6,1,,,,2,10,,,4,
wedge,2020.06.25,perimeter,972,761,s,3.7,6,,,,,,15,1,,4,
wedge,2020.06.29,perimeter,974,761,s,3.7,6,,,,,,,,,,
wedge,2020.06.23,perimeter,975,761,s,3.7,6,,,,,17,,,,,
gl,2020.04.14,interior,843,761,t,3.7,6,,,,,,,4,,2,
rp,2020.06.09,perimeter,890,761,s,3.7,6,,,,,,3,,,3,
boot,2020.06.15,perimeter,959,762,s,3.7,6,1,,,,,,,,,
cgl,2020.07.14,control,730,762,s,3.7,6,,,,,4,2,,,,
cgl,2020.07.14,control,731,762,s,3.7,6,1,,,,,,,,,
cgl,2020.07.14,control,738,762,s,3.7,6,,,,,2,,,,1,
crp,2020.07.15,control,770,762,s,3.7,6,,,,,1,,,,,
gl,2020.04.14,perimeter,801,762,s,3.7,6,,,,,,1,,,1,
gl,2020.04.14,perimeter,802,762,s,3.7,6,1,,,,,1,,,1,
gl,2020.04.15,perimeter,804,762,s,3.7,6,,,,,,1,,,,
gl,2020.04.15,perimeter,805,762,s,3.7,6,,,,,1,,,,1,
gl,2020.04.17,perimeter,817,762,s,3.7,6,,,,,,1,,,,
gl,2020.04.16,perimeter,835,762,s,3.7,6,,,,,1,2,,,1,
gl,2020.04.08,interior,838,762,s,3.7,6,,,,,,1,,,1,
gl,2020.04.14,interior,839,762,s,3.7,6,,,,,,1,,,,
gl,2020.04.14,interior,842,762,s,3.7,6,,,,,,1,1,,1,
gl,2020.04.22,interior,872,762,s,3.7,6,,,,,,1,,,,
gl,2020.04.20,interior,875,762,s,3.7,6,,,,,1,,,,,
rp,2020.06.01,interior,335,762,s,3.7,6,2,,,,,,,,,
rp,2020.06.01,interior,336,762,s,3.7,6,,,,,,1,,,,
rp,2020.05.28,interior,348,762,s,3.7,6,,,,,1,,,,,
rp,2020.06.09,perimeter,891,762,s,3.7,6,,,,,2,,,,,
wedge,2020.06.25,interior,383,762,s,3.7,6,,,,,1,,,,,
gl,2020.04.14,perimeter,801,762,t,3.7,6,,,,,,2,,,1,
gl,2020.05.08,interior,847,762,t,3.7,6,,2,,,,2,2,2,3,
rp,2020.06.01,interior,336,763,r,3.7,6,,,,,1,1,,,,
rp,2020.06.08,interior,340,763,r,3.7,6,,,,,,2,,,,
boot,2020.06.15,perimeter,959,763,s,3.7,6,1,,,,,,,,,
cgl,2020.07.14,control,733,763,s,3.7,6,1,,,,1,,,,,
rp,2020.06.08,interior,340,763,s,3.7,6,,,,,,3,,,,
rp,2020.06.09,perimeter,890,763,s,3.7,6,,,,,1,,,,,
rp,2020.06.03,interior,339,802,s,3.7,6,,,,,1,,,,1,
crp,2020.07.15,control,774,802,t,3.7,6,,,,,2,,,,,
crp,2020.07.16,control,752,832,s,3.7,6,,,,,1,,,,,
crp,2020.07.16,control,763,832,s,3.7,6,,,,,1,,,,,
rp,2020.06.08,interior,340,832,s,3.7,6,,,,,3,,,,,
crp,2020.07.16,control,754,832,t,3.7,6,,,,,1,1,,,,
rp,2020.05.28,interior,346,833,r,3.7,6,,,,,4,,,,,
cgl,2020.07.14,control,730,833,s,3.7,6,,,,,1,,,,,
cgl,2020.07.14,control,731,833,s,3.7,6,1,,,,,,,,,
cgl,2020.07.14,control,735,833,s,3.7,6,,,,,2,,,,,
cgl,2020.07.13,control,737,833,s,3.7,6,,,,,2,,,,,
cgl,2020.07.13,control,740,833,s,3.7,6,,,,,1,,,,1,
crp,2020.07.15,control,771,833,s,3.7,6,,,,,1,,,,1,
crp,2020.07.15,control,772,833,s,3.7,6,,,,,1,,,,,
crp,2020.07.15,control,773,833,s,3.7,6,,,,,1,,,,1,
crp,2020.07.15,control,774,833,s,3.7,6,,,,,2,,,,2,
crp,2020.07.15,control,775,833,s,3.7,6,,,,,1,,,,1,
gl,2020.04.15,perimeter,810,833,s,3.7,6,1,,,,,,,,,
gl,2020.04.15,perimeter,813,833,s,3.7,6,,,,,1,,,,1,
gl,2020.04.17,perimeter,817,833,s,3.7,6,,,,,1,,,,,
gl,2020.04.17,perimeter,818,833,s,3.7,6,1,,,,,,,,,
gl,2020.04.17,perimeter,819,833,s,3.7,6,1,,,,,,,,,
gl,2020.04.17,perimeter,820,833,s,3.7,6,2,,,,,,,,,
gl,2020.04.10,perimeter,826,833,s,3.7,6,,,,,1,,,,,
gl,2020.04.17,perimeter,829,833,s,3.7,6,,,,,1,,,,1,
gl,2020.04.08,interior,838,833,s,3.7,6,,,,,3,,,,,
gl,2020.04.14,interior,841,833,s,3.7,6,,,,,,1,,,,
gl,2020.04.14,interior,842,833,s,3.7,6,,,,,,1,,,,
gl,2020.05.08,interior,847,833,s,3.7,6,,,,,,1,,,,
gl,2020.05.08,interior,849,833,s,3.7,6,2,,,,,,,,,
gl,2020.04.06,interior,864,833,s,3.7,6,,,,,,,,,,
gl,2020.04.22,interior,879,833,s,3.7,6,,,,,1,,,,,
rp,2020.05.27,interior,334,833,s,3.7,6,,,,,1,1,,,1,
rp,2020.06.03,interior,339,833,s,3.7,6,,,,,2,,,,1,
rp,2020.06.08,interior,340,833,s,3.7,6,,,,,1,2,,,,
rp,2020.05.28,interior,346,833,s,3.7,6,,,,,2,,,,,
rp,2020.05.28,interior,347,833,s,3.7,6,,,,,1,,,,,
rp,2020.05.28,interior,348,833,s,3.7,6,,,,,2,,,,,
rp,2020.06.01,perimeter,883,833,s,3.7,6,,,,,1,,,,,
rp,2020.06.08,perimeter,887,833,s,3.7,6,4,,,,,,,,,
rp,2020.06.09,perimeter,891,833,s,3.7,6,,,,,,2,,,1,
rp,2020.06.09,perimeter,892,833,s,3.7,6,,,,,1,,,,,
cgl,2020.07.14,control,738,833,s,3.7,6,,,,,,,,,,
gl,2020.04.22,interior,877,833,s,3.7,6,,,,,1,,,,1,
crp,2020.07.16,control,766,832,s,3.7,6,,,,,1,,,,,
cgl,2020.07.10,control,742,920,s,3.7,6,,,,,1,,,,,
wedge,2020.06.29,perimeter,974,920,s,3.7,6,,,,,1,1,,,,
gl,2020.04.14,perimeter,802,951,r,3.7,6,,,,,,2,,,,
boot,2020.06.12,perimeter,955,951,s,3.7,6,,,,,1,,,,1,
gl,2020.04.14,perimeter,802,951,s,3.7,6,,,,,,2,,,1,
gl,2020.05.04,interior,844,951,s,3.7,6,,,,,,1,,,,
gl,2020.05.08,interior,847,951,s,3.7,6,1,,,,,1,,,,
boot,2020.06.22,interior,365,951,t,3.7,6,2,,,,,2,,,2,
boot,2020.06.12,interior,367,951,t,3.7,6,4,,,,,12,,,4,
gl,2020.05.05,interior,853,951,t,3.7,6,,,,,,2,,,2,
wedge,2020.06.25,interior,383,951,t,3.7,6,,,,,,4,3,,4,
wedge,2020.06.23,perimeter,968,951,t,3.7,6,,,,,4,4,1,,4,
gl,2020.05.08,interior,851,999,s,3.7,6,,,,,,,,,,
gl,2020.04.06,interior,857,999,s,3.7,6,,,,,,1,,,1,
gl,2020.04.06,interior,865,999,s,3.7,6,,,,,,1,,,,
gl,2020.04.22,interior,878,999,s,3.7,6,,,,,,6,,,1,
rp,2020.06.09,perimeter,890,999,s,3.7,6,,,,,1,,,,,
gl,2020.04.06,interior,863,999,t,3.7,6,,,,,,4,,,4,
gl,2020.04.20,interior,868,ush,s,3.7,6,,,,,,1,,,,
