harvest,location,point,year,date,disturb,slash,fern,herb,low_cov,low_spp,inv_cov,inv_spp,mid_cov,mid_spp,upper_cov,upper_spp,vine_cov,vine_spp,baf,ba,seedling_numb,comm_per_acre,comm_stock,pre_comm_per_acre,pre_comm_stock,diver_per_acre,diver_stock,pre_diver_per_acre,pre_diver_stock,interf_woody_per_acre,interf_woody_stock,fern_stock,all_intf,win_comm_per_acre,winner_stock
boot,interior,349,2019,2020.06.16,l,p,a,m,h,rubu,p,loni,p,761,l,318,a,NA,10,20,100,NA,NA,NA,NA,NA,NA,NA,NA,NA,NA,NA,NA,385.1589656094425,win_01
boot,interior,350,2019,2020.06.16,m,p,m,l,h,rubu,a,NA,p,761,p,531,a,NA,10,10,50,NA,NA,NA,NA,NA,NA,NA,NA,9500.681599463302,inft_stkd,intf_stkd,all_intf,0,NA
boot,interior,351,2019,2020.06.17,a,m,a,p,m,rubu,a,NA,m,531,m,531,a,NA,10,30,100,NA,NA,9115.52263385386,pre_comm_deer1,NA,NA,9115.52263385386,pre_diver_deer1,NA,NA,NA,NA,0,NA
boot,interior,352,2019,2020.06.22,m,m,l,p,h,rubu,a,NA,p,372,l,318,a,NA,10,30,100,NA,NA,NA,NA,NA,NA,NA,NA,NA,NA,NA,NA,0,NA
boot,interior,353,2019,2020.06.17,p,m,m,m,m,rubu,p,rosa,p,951,m,316,p,viti,10,60,25,NA,NA,13166.866026677797,pre_comm_deer2,NA,NA,14179.701874883782,pre_diver_deer2,NA,NA,intf_stkd,all_intf,1155.4768968283274,win_02
boot,interior,354,2019,2020.06.22,p,h,l,p,h,rubu,a,NA,p,samb,p,316,p,viti,10,30,10,NA,NA,NA,NA,NA,NA,NA,NA,NA,NA,NA,NA,0,NA
boot,interior,355,2019,2020.06.16,p,p,a,p,h,rubu,a,NA,m,761,a,NA,a,NA,10,0,100,1540.63586243777,comm_stkd,7089.85093744189,pre_comm_deer1,1540.63586243777,div_stkd,7089.85093744189,pre_diver_deer1,3081.27172487554,inft_stkd,NA,all_intf,0,NA
boot,interior,356,2019,2020.06.19,l,h,p,p,h,rubu,a,NA,p,761,m,316,a,NA,10,40,10,NA,NA,NA,NA,NA,NA,NA,NA,NA,NA,NA,NA,NA,NA
boot,interior,357,2019,2020.06.22,a,h,h,p,m,rubu,a,NA,l,761,a,NA,p,viti,10,30,0,NA,NA,NA,NA,NA,NA,NA,NA,NA,NA,intf_stkd,all_intf,385.1589656094425,win_01
boot,interior,358,2019,2020.06.19,l,m,p,p,h,samb,a,NA,p,761,p,316,p,viti,10,20,10,NA,NA,NA,NA,770.317931218885,div_stkd,NA,NA,NA,NA,NA,NA,0,NA
boot,interior,359,2019,2020.06.22,p,m,p,p,h,rubu,a,NA,m,761,l,316,a,NA,10,40,50,NA,NA,NA,NA,NA,NA,NA,NA,5007.066552922753,inft_stkd,NA,all_intf,0,NA
boot,interior,360,2019,2020.06.22,p,m,p,l,m,rubu,a,NA,m,761,m,318,a,NA,10,60,50,NA,NA,NA,NA,NA,NA,NA,NA,8530.609931514904,inft_stkd,NA,all_intf,0,NA
boot,interior,361,2019,2020.06.12,p,p,m,h,l,samb,p,loni,p,761,m,316,a,NA,10,50,10,NA,NA,NA,NA,NA,NA,NA,NA,NA,NA,intf_stkd,all_intf,770.317931218885,win_02
boot,interior,362,2019,2020.06.15,p,l,a,p,h,rubu,a,NA,l,761,l,316,l,viti,10,20,50,NA,NA,NA,NA,NA,NA,NA,NA,NA,NA,NA,NA,0,NA
boot,interior,363,2019,2020.06.15,a,m,l,m,h,samb,a,NA,h,samb,l,316,p,viti,10,20,10,NA,NA,NA,NA,NA,NA,NA,NA,NA,NA,NA,NA,NA,NA
boot,interior,364,2019,2020.06.22,p,m,p,l,h,rubu,l,rosa,m,761,m,316,a,NA,10,40,50,NA,NA,NA,NA,NA,NA,NA,NA,3851.5896560944248,inft_stkd,NA,all_intf,0,NA
boot,interior,365,2019,2020.06.22,p,l,p,p,h,rubu,a,NA,m,761,m,318,a,NA,10,40,75,770.317931218885,comm_stkd,NA,NA,770.317931218885,div_stkd,NA,NA,NA,NA,NA,NA,770.317931218885,win_02
boot,interior,366,2019,2020.06.12,a,m,a,p,h,rubu,a,NA,p,761,m,316,a,NA,10,50,1,1155.4768968283274,comm_stkd,8102.686785647875,pre_comm_deer1,1155.4768968283274,div_stkd,8102.686785647875,pre_diver_deer1,NA,NA,NA,NA,1540.63586243777,win_02
boot,interior,367,2019,2020.06.12,a,m,a,l,h,samb,p,NA,m,951,m,951,a,NA,10,50,10,4621.90758731331,comm_stkd,NA,NA,4621.90758731331,div_stkd,NA,NA,NA,NA,NA,NA,1540.63586243777,win_02
boot,interior,368,2019,2020.06.12,a,m,a,l,h,samb,a,NA,p,761,m,316,p,viti,10,60,75,NA,NA,NA,NA,NA,NA,NA,NA,NA,NA,NA,NA,385.1589656094425,win_01
boot,interior,369,2019,2020.06.15,a,m,a,a,m,rubu,a,NA,p,381,l,833,a,NA,10,30,100,NA,NA,27346.56790156158,pre_comm_deer2,NA,NA,27346.56790156158,pre_diver_deer2,5064.179241029922,inft_stkd,NA,all_intf,1540.63586243777,win_02
boot,perimeter,950,2019,2020.06.17,a,m,a,p,m,rubu,a,NA,p,761,m,316,a,NA,10,20,100,NA,NA,NA,NA,NA,NA,NA,NA,NA,NA,NA,NA,NA,NA
boot,perimeter,951,2019,2020.06.17,m,l,p,p,h,rubu,a,NA,m,761,p,316,p,viti,10,10,25,770.317931218885,comm_stkd,14179.70187488378,pre_comm_deer2,770.317931218885,div_stkd,14179.70187488378,pre_diver_deer2,2553.4717106437542,inft_stkd,NA,all_intf,0,NA
boot,perimeter,952,2019,2020.06.19,p,m,l,p,h,rubu,a,NA,p,951,p,316,a,NA,10,20,25,NA,NA,NA,NA,NA,NA,NA,NA,NA,NA,NA,NA,0,NA
boot,perimeter,953,2019,2020.06.19,a,l,p,p,m,rubu,a,NA,p,316,m,316,p,viti,10,50,25,1540.63586243777,comm_stkd,NA,NA,1540.63586243777,div_stkd,NA,NA,NA,NA,NA,NA,1155.4768968283274,win_02
boot,perimeter,954,2019,2020.06.12,p,l,p,m,h,samb,a,NA,m,531,m,316,p,viti,10,30,50,NA,NA,NA,NA,NA,NA,NA,NA,NA,NA,NA,NA,0,NA
boot,perimeter,955,2019,2020.06.12,l,p,m,m,h,samb,a,NA,p,761,p,316,a,NA,10,20,10,NA,NA,NA,NA,NA,NA,NA,NA,2795.9896276308536,inft_stkd,intf_stkd,all_intf,385.1589656094425,win_01
boot,perimeter,956,2019,2020.06.12,p,l,m,l,h,rubu,p,loni,a,NA,l,316,a,NA,10,20,10,NA,NA,7089.85093744189,pre_comm_deer1,NA,NA,8102.686785647875,pre_diver_deer1,NA,NA,intf_stkd,all_intf,0,NA
boot,perimeter,957,2019,2020.06.12,a,m,a,l,h,rubu,a,NA,l,761,l,833,p,viti,10,60,1,NA,NA,NA,NA,NA,NA,NA,NA,NA,NA,NA,NA,NA,NA
boot,perimeter,958,2019,2020.06.15,a,l,p,m,h,rubu,a,NA,p,761,m,318,a,NA,10,40,50,NA,NA,16205.37357129575,pre_comm_deer2,NA,NA,16205.37357129575,pre_diver_deer2,2696.1127592660973,inft_stkd,NA,all_intf,0,NA
boot,perimeter,959,2019,2020.06.15,a,p,p,p,h,rubu,a,NA,l,761,m,833,a,NA,10,40,75,NA,NA,10128.358482059844,pre_comm_deer1,NA,NA,10128.358482059844,pre_diver_deer1,16191.025063446166,inft_stkd,NA,all_intf,0,NA
boot,perimeter,960,2019,2020.06.22,a,l,p,m,h,rubu,a,NA,m,761,p,318,p,viti,10,10,25,NA,NA,NA,NA,NA,NA,NA,NA,3708.9486074720817,inft_stkd,NA,all_intf,0,NA
boot,perimeter,961,2019,2020.06.22,a,m,p,l,h,rubu,p,rosa,l,951,l,318,a,NA,10,20,25,NA,NA,NA,NA,NA,NA,NA,NA,NA,NA,NA,NA,NA,NA
boot,perimeter,962,2019,2020.06.16,m,l,p,m,h,rubu,a,NA,l,951,a,NA,a,NA,10,0,10,NA,NA,NA,NA,NA,NA,NA,NA,NA,NA,NA,NA,0,NA
boot,perimeter,963,2019,2020.06.16,p,m,p,h,h,rubu,a,NA,l,761,p,531,a,NA,10,10,50,NA,NA,NA,NA,NA,NA,7089.85093744189,pre_diver_deer1,NA,NA,NA,NA,0,NA
boot,perimeter,964,2019,2020.06.16,m,p,l,m,h,rubu,a,NA,p,761,a,NA,a,NA,10,0,100,NA,NA,NA,NA,NA,NA,NA,NA,NA,NA,NA,NA,1155.4768968283274,win_02
boot,perimeter,965,2019,2020.06.16,p,p,l,m,m,rubu,p,loni,p,315,m,833,a,NA,10,30,100,NA,NA,21269.552812325674,pre_comm_deer2,NA,NA,21269.552812325674,pre_diver_deer2,NA,NA,NA,NA,385.1589656094425,win_01
gas_line,control,729,2019,2020.07.14,l,l,p,m,m,rubu,a,NA,l,746,l,833,a,NA,10,30,1,NA,NA,NA,NA,NA,NA,NA,NA,6077.015089235906,inft_stkd,NA,all_intf,NA,NA
gas_line,control,730,2019,2020.07.14,l,m,m,m,l,rubu,a,NA,l,316,m,833,a,NA,10,20,1,2696.1127592660973,comm_stkd,14179.701874883782,pre_comm_deer2,2696.1127592660973,div_stkd,15192.537723089765,pre_diver_deer2,NA,NA,intf_stkd,all_intf,1540.63586243777,win_02
gas_line,control,731,2019,2020.07.14,p,m,a,m,h,rubu,a,NA,p,316,l,833,p,conv,10,20,1,NA,NA,NA,NA,770.317931218885,div_stkd,8102.686785647875,pre_diver_deer1,4051.3433928239374,inft_stkd,NA,all_intf,385.1589656094425,win_01
gas_line,control,732,2019,2020.07.14,l,h,p,p,m,rubu,a,NA,l,316,p,833,a,NA,10,10,0,1155.4768968283274,comm_stkd,NA,NA,1155.4768968283274,div_stkd,NA,NA,4436.502358433379,inft_stkd,NA,all_intf,1155.4768968283274,win_02
gas_line,control,733,2019,2020.07.14,a,h,l,l,m,rubu,a,NA,l,316,l,833,a,NA,10,20,1,NA,NA,NA,NA,1540.63586243777,div_stkd,6077.015089235906,pre_diver_deer1,5064.179241029922,inft_stkd,NA,all_intf,0,NA
gas_line,control,734,2019,2020.07.14,a,l,l,m,m,rubu,a,NA,p,355,m,833,a,NA,10,40,1,NA,NA,NA,NA,NA,NA,6077.015089235906,pre_diver_deer1,16205.37357129575,inft_stkd,NA,all_intf,0,NA
gas_line,control,735,2019,2020.07.14,p,l,p,m,l,rubu,a,NA,l,746,m,833,p,conv,10,30,1,NA,NA,18231.04526770772,pre_comm_deer2,2696.1127592660973,div_stkd,20256.71696411969,pre_diver_deer2,NA,NA,NA,NA,385.1589656094425,win_01
gas_line,control,736,2019,2020.07.13,l,l,p,h,m,rubu,a,NA,l,316,l,833,a,NA,10,20,0,NA,NA,NA,NA,NA,NA,NA,NA,NA,NA,NA,NA,NA,NA
gas_line,control,737,2019,2020.07.13,a,m,p,h,m,rubu,a,NA,m,316,m,833,a,NA,10,20,1,NA,NA,6077.015089235906,pre_comm_deer1,NA,NA,8102.686785647875,pre_diver_deer1,10128.358482059844,inft_stkd,NA,all_intf,385.1589656094425,win_01
gas_line,control,738,2019,2020.07.14,l,m,p,m,l,rubu,a,NA,l,316,m,833,a,NA,10,50,10,NA,NA,9115.52263385386,pre_comm_deer1,NA,NA,13166.866026677797,pre_diver_deer2,NA,NA,NA,NA,770.317931218885,win_02
gas_line,control,739,2019,2020.07.13,l,m,l,l,m,rubu,a,NA,m,315,l,833,NA,NA,10,50,1,NA,NA,NA,NA,NA,NA,NA,NA,6362.297186480592,inft_stkd,NA,all_intf,NA,NA
gas_line,control,740,2019,2020.07.13,p,m,p,l,m,rubu,a,NA,p,761,m,833,a,NA,10,30,1,NA,NA,12154.030178471812,pre_comm_deer2,NA,NA,16205.37357129575,pre_diver_deer2,8102.686785647875,inft_stkd,NA,all_intf,385.1589656094425,win_01
gas_line,control,741,2019,2020.07.10,a,l,p,m,m,rubu,a,NA,p,316,h,833,a,NA,10,40,1,NA,NA,NA,NA,NA,NA,NA,NA,NA,NA,NA,NA,NA,NA
gas_line,control,742,2019,2020.07.10,a,l,p,l,l,rubu,a,NA,p,316,h,833,a,NA,10,50,10,NA,NA,25320.89620514961,pre_comm_deer2,NA,NA,30385.07544617953,pre_diver_deer2,NA,NA,NA,NA,385.1589656094425,win_01
gas_line,control,743,2019,2020.07.10,l,m,p,m,m,rubu,a,NA,p,531,l,833,a,NA,10,40,1,NA,NA,24308.060356943624,pre_comm_deer2,NA,NA,25320.89620514961,pre_diver_deer2,NA,NA,NA,NA,0,NA
gas_line,control,744,2019,2020.07.10,l,m,p,m,m,rubu,a,NA,p,372,p,833,p,viti,10,30,1,NA,NA,21269.55281232567,pre_comm_deer2,NA,NA,32410.7471425915,pre_diver_deer2,4051.3433928239374,inft_stkd,NA,all_intf,770.317931218885,win_02
gas_line,control,745,2019,2020.07.10,a,m,p,p,m,rubu,a,NA,l,531,p,833,a,NA,10,20,1,NA,NA,NA,NA,NA,NA,NA,NA,9115.52263385386,inft_stkd,NA,all_intf,385.1589656094425,win_01
gas_line,interior,836,2019,2020.04.08,l,l,a,h,l,rubu,a,NA,a,NA,a,NA,a,NA,10,20,NA,NA,NA,NA,NA,NA,NA,NA,NA,3038.507544617953,inft_stkd,NA,all_intf,385.1589656094425,win_01
gas_line,interior,837,2019,2020.04.08,l,l,a,m,m,rubu,a,NA,l,rubu,a,NA,a,NA,10,0,NA,3081.27172487554,comm_stkd,NA,NA,6162.54344975108,div_stkd,NA,NA,3181.148593240296,inft_stkd,NA,all_intf,770.317931218885,win_02
gas_line,interior,838,2019,2020.04.08,l,l,l,h,l,rubu,a,NA,l,761,a,NA,a,NA,10,0,NA,1925.7948280472124,comm_stkd,NA,NA,3081.27172487554,div_stkd,6077.015089235906,pre_diver_deer1,NA,NA,NA,NA,770.317931218885,win_02
gas_line,interior,839,2019,2020.04.14,l,m,a,l,l,rubu,a,NA,l,rhus,a,NA,NA,NA,10,10,NA,1925.7948280472124,comm_stkd,NA,NA,5777.384484141638,div_stkd,NA,NA,NA,NA,NA,NA,0,NA
gas_line,interior,840,2019,2020.04.14,p,m,a,l,p,rubu,a,NA,a,NA,a,NA,NA,NA,10,10,NA,NA,NA,NA,NA,NA,NA,NA,NA,13937.183957896681,inft_stkd,NA,all_intf,0,NA
gas_line,interior,841,2019,2020.04.14,a,l,m,m,l,rubu,a,NA,a,NA,a,NA,a,NA,10,30,NA,NA,NA,NA,NA,2310.953793656655,div_stkd,NA,NA,9443.568911356131,inft_stkd,intf_stkd,all_intf,0,NA
gas_line,interior,842,2019,2020.04.14,l,l,p,l,h,rubu,a,NA,a,NA,a,NA,a,NA,10,0,NA,3081.27172487554,comm_stkd,NA,NA,4621.90758731331,div_stkd,NA,NA,NA,NA,NA,NA,1155.4768968283274,win_02
gas_line,interior,843,2019,2020.04.14,p,m,p,l,h,rubu,a,NA,p,rubu,a,NA,a,NA,10,0,NA,4236.748621703868,comm_stkd,NA,NA,4236.748621703868,div_stkd,NA,NA,NA,NA,NA,NA,770.317931218885,win_02
gas_line,interior,844,2019,2020.05.04,l,m,p,m,h,rubu,a,NA,p,samb,a,NA,a,NA,10,0,NA,NA,NA,NA,NA,NA,NA,NA,NA,NA,NA,NA,NA,0,NA
gas_line,interior,845,2019,2020.05.05,m,l,m,l,h,rubu,a,NA,p,866,a,NA,l,buck,10,0,NA,770.317931218885,comm_stkd,NA,NA,1540.63586243777,div_stkd,NA,NA,NA,NA,intf_stkd,all_intf,0,NA
gas_line,interior,846,2019,2020.05.08,m,l,a,m,m,rubu,a,NA,p,761,p,318,a,NA,10,10,NA,NA,NA,NA,NA,770.317931218885,div_stkd,NA,NA,NA,NA,NA,NA,NA,NA
gas_line,interior,847,2019,2020.05.08,m,m,p,m,m,rubu,a,NA,m,761,a,NA,l,buck,10,0,NA,5392.225518532195,comm_stkd,NA,NA,5392.225518532195,div_stkd,NA,NA,NA,NA,NA,NA,1540.63586243777,win_02
gas_line,interior,848,2019,2020.05.08,m,p,a,h,l,rubu,a,NA,p,740,a,NA,a,NA,10,0,NA,NA,NA,NA,NA,2310.953793656655,div_stkd,NA,NA,NA,NA,NA,NA,385.1589656094425,win_01
gas_line,interior,849,2019,2020.05.08,p,m,a,m,m,rubu,a,NA,l,761,p,318,m,fabu,10,10,NA,770.317931218885,comm_stkd,NA,NA,770.317931218885,div_stkd,NA,NA,5007.066552922752,inft_stkd,NA,all_intf,0,NA
gas_line,interior,850,2019,2020.05.08,a,l,p,h,m,rubu,a,NA,p,370,p,833,p,fabu,10,10,NA,NA,NA,NA,NA,NA,NA,NA,NA,NA,NA,NA,NA,385.1589656094425,win_01
gas_line,interior,851,2019,2020.05.08,p,m,p,l,m,rubu,a,NA,l,370,l,318,p,fabu,10,20,NA,1540.63586243777,comm_stkd,NA,NA,2310.953793656655,div_stkd,NA,NA,NA,NA,NA,NA,770.317931218885,win_02
gas_line,interior,852,2019,2020.05.05,p,m,m,m,m,rubu,a,NA,p,318,a,NA,l,buck,10,0,NA,4621.90758731331,comm_stkd,NA,NA,5392.225518532195,div_stkd,NA,NA,NA,NA,intf_stkd,all_intf,1540.63586243777,win_02
gas_line,interior,853,2019,2020.05.05,l,l,l,m,m,rubu,a,NA,l,rubu,a,NA,l,buck,10,0,NA,3081.27172487554,comm_stkd,NA,NA,3466.4306904849823,div_stkd,NA,NA,NA,NA,NA,NA,770.317931218885,win_02
gas_line,interior,854,2019,2020.05.05,a,p,p,m,m,rubu,a,NA,p,761,a,NA,m,buck,10,0,NA,NA,NA,NA,NA,NA,NA,NA,NA,35877.17783307648,inft_stkd,NA,all_intf,NA,NA
gas_line,interior,855,2019,2020.05.08,l,l,m,m,m,rubu,p,loni,p,866,p,318,m,fabu,10,10,NA,NA,NA,NA,NA,NA,NA,NA,NA,2310.953793656655,inft_stkd,intf_stkd,all_intf,0,NA
gas_line,interior,856,2019,2020.04.23,m,m,l,l,m,rubu,a,NA,l,951,p,318,a,NA,10,10,NA,NA,NA,NA,NA,NA,NA,NA,NA,NA,NA,NA,NA,NA,NA
gas_line,interior,857,2019,2020.04.06,l,l,m,l,m,rubu,a,NA,p,951,a,NA,m,fabu,10,10,NA,NA,NA,NA,NA,NA,NA,NA,NA,NA,NA,intf_stkd,all_intf,385.1589656094425,win_01
gas_line,interior,858,2019,2020.04.23,m,l,l,h,l,rubu,a,NA,p,740,p,318,m,fabu,10,20,NA,NA,NA,6077.015089235906,pre_comm_deer1,1925.7948280472124,div_stkd,13166.866026677795,pre_diver_deer2,NA,NA,NA,NA,0,NA
gas_line,interior,859,2019,2020.04.23,l,m,p,l,h,rubu,a,NA,p,761,a,NA,m,buck,10,0,NA,1925.7948280472124,comm_stkd,NA,NA,5007.066552922752,div_stkd,NA,NA,3081.27172487554,inft_stkd,NA,all_intf,385.1589656094425,win_01
gas_line,interior,860,2019,2020.04.22,m,l,p,m,l,rubu,a,NA,p,999,p,318,a,NA,10,10,NA,2696.1127592660973,comm_stkd,NA,NA,14636.040693158815,div_stkd,8102.686785647875,pre_diver_deer1,NA,NA,NA,NA,0,NA
gas_line,interior,861,2019,2020.04.23,p,l,p,l,h,rubu,a,NA,p,740,p,318,a,NA,10,0,NA,1155.4768968283274,comm_stkd,NA,NA,1540.63586243777,div_stkd,NA,NA,NA,NA,NA,NA,0,NA
gas_line,interior,862,2019,2020.04.06,m,h,m,l,h,rubu,a,NA,l,951,a,NA,a,NA,10,0,NA,NA,NA,NA,NA,NA,NA,NA,NA,NA,NA,intf_stkd,all_intf,NA,NA
gas_line,interior,863,2019,2020.04.06,m,l,l,l,m,rubu,a,NA,p,999,a,NA,a,NA,10,0,NA,NA,NA,NA,NA,NA,NA,NA,NA,NA,NA,NA,NA,NA,NA
gas_line,interior,864,2019,2020.04.06,a,m,a,m,l,rubu,a,NA,m,531,l,531,a,NA,10,40,NA,NA,NA,NA,NA,NA,NA,NA,NA,49172.336400527034,inft_stkd,NA,all_intf,0,NA
gas_line,interior,865,2019,2020.04.06,p,p,p,m,h,rubu,a,NA,p,761,a,NA,l,buck,10,0,NA,1540.63586243777,comm_stkd,NA,NA,1925.7948280472124,div_stkd,NA,NA,NA,NA,NA,NA,1155.4768968283274,win_02
gas_line,interior,866,2019,2020.04.06,a,a,a,p,l,rubu,a,NA,p,531,l,531,a,NA,10,20,NA,12325.08689950216,comm_stkd,NA,NA,12325.08689950216,div_stkd,NA,NA,64093.94053422171,inft_stkd,NA,all_intf,1540.63586243777,win_02
gas_line,interior,867,2019,2020.04.20,m,l,p,l,m,rubu,a,NA,p,372,a,NA,a,NA,10,0,NA,NA,NA,NA,NA,NA,NA,NA,NA,6847.333020454791,inft_stkd,NA,all_intf,385.1589656094425,win_01
gas_line,interior,868,2019,2020.04.20,m,h,l,m,h,rubu,a,NA,l,356,a,NA,a,NA,10,0,NA,2696.1127592660973,comm_stkd,NA,NA,2696.1127592660973,div_stkd,NA,NA,NA,NA,NA,NA,1540.63586243777,win_02
gas_line,interior,869,2019,2020.04.22,m,m,m,m,h,rubu,a,NA,l,rhus,p,531,p,viti,10,10,NA,NA,NA,NA,NA,NA,NA,NA,NA,NA,NA,intf_stkd,all_intf,1155.4768968283274,win_02
gas_line,interior,870,2019,2020.04.22,l,m,m,l,h,rubu,a,NA,p,740,a,NA,a,NA,10,0,NA,NA,NA,NA,NA,1155.4768968283274,div_stkd,NA,NA,NA,NA,intf_stkd,all_intf,770.317931218885,win_02
gas_line,interior,871,2019,2020.04.22,l,l,p,l,m,rubu,a,NA,l,761,p,318,a,NA,10,10,NA,NA,NA,NA,NA,7318.0203465794075,div_stkd,NA,NA,6019.9024011287365,inft_stkd,NA,all_intf,0,NA
gas_line,interior,872,2019,2020.04.22,m,m,l,l,h,rubu,a,NA,l,761,a,NA,a,NA,10,10,NA,NA,NA,NA,NA,3466.4306904849823,div_stkd,NA,NA,NA,NA,NA,NA,0,NA
gas_line,interior,873,2019,2020.04.20,h,p,p,m,h,rubu,a,NA,a,NA,p,318,a,NA,10,10,NA,NA,NA,NA,NA,NA,NA,NA,NA,NA,NA,NA,NA,NA,NA
gas_line,interior,874,2019,2020.04.20,m,m,p,h,p,rubu,a,NA,p,901,a,NA,a,NA,10,10,NA,NA,NA,NA,NA,NA,NA,NA,NA,NA,NA,NA,NA,NA,NA
gas_line,interior,875,2019,2020.04.20,l,l,m,l,m,rubu,a,NA,p,761,p,318,a,NA,10,10,NA,NA,NA,15192.537723089765,pre_comm_deer2,NA,NA,15192.537723089765,pre_diver_deer2,4579.1434070557225,inft_stkd,intf_stkd,all_intf,0,NA
gas_line,interior,876,2019,2020.04.20,m,m,l,l,h,rubu,a,NA,p,318,a,NA,a,NA,10,0,NA,NA,NA,NA,NA,NA,NA,NA,NA,3038.507544617953,inft_stkd,NA,all_intf,0,NA
gas_line,interior,877,2019,2020.04.22,m,l,l,l,m,rubu,a,NA,p,531,l,318,a,NA,10,20,NA,NA,NA,NA,NA,NA,NA,NA,NA,NA,NA,NA,NA,770.317931218885,win_02
gas_line,interior,878,2019,2020.04.22,l,m,l,h,m,rubu,a,NA,p,740,a,NA,p,fabu,10,10,NA,5007.066552922752,comm_stkd,NA,NA,8473.497243407735,div_stkd,NA,NA,3851.5896560944248,inft_stkd,NA,all_intf,0,NA
gas_line,interior,879,2019,2020.04.22,l,l,a,m,m,rubu,a,NA,p,761,p,833,a,NA,10,10,NA,NA,NA,NA,NA,3081.27172487554,div_stkd,6077.015089235907,pre_diver_deer1,5834.497172248806,inft_stkd,NA,all_intf,0,NA
gas_line,perimeter,801,2019,2020.04.14,p,p,l,h,m,rubu,a,NA,l,NA,a,NA,a,NA,10,0,NA,1540.63586243777,comm_stkd,NA,NA,1925.7948280472124,div_stkd,NA,NA,NA,NA,NA,NA,1155.4768968283274,win_02
gas_line,perimeter,802,2019,2020.04.14,a,m,p,m,m,rubu,a,NA,l,740,a,NA,a,NA,10,0,NA,2310.953793656655,comm_stkd,NA,NA,4236.748621703868,div_stkd,NA,NA,NA,NA,NA,NA,770.317931218885,win_02
gas_line,perimeter,803,2019,2020.04.14,p,l,l,m,m,rubu,a,NA,p,951,a,NA,a,NA,10,0,NA,1540.63586243777,comm_stkd,NA,NA,1540.63586243777,div_stkd,NA,NA,8102.686785647875,inft_stkd,NA,all_intf,1540.63586243777,win_02
gas_line,perimeter,804,2019,2020.04.15,l,p,l,h,m,rubu,a,NA,p,541,a,NA,a,NA,10,0,NA,2310.953793656655,comm_stkd,NA,NA,2310.953793656655,div_stkd,NA,NA,NA,NA,NA,NA,1540.63586243777,win_02
gas_line,perimeter,805,2019,2020.04.15,m,l,m,l,m,rubu,a,NA,p,531,a,NA,a,NA,10,0,NA,NA,NA,NA,NA,1540.63586243777,div_stkd,NA,NA,14564.860840493224,inft_stkd,intf_stkd,all_intf,770.317931218885,win_02
gas_line,perimeter,806,2019,2020.04.15,m,p,l,p,m,rubu,a,NA,l,761,a,NA,a,NA,10,0,NA,NA,NA,NA,NA,NA,NA,NA,NA,11426.476427510514,inft_stkd,NA,all_intf,0,NA
gas_line,perimeter,807,2019,2020.04.15,m,p,l,l,m,rubu,p,NA,l,761,a,NA,a,NA,10,0,NA,NA,NA,NA,NA,770.317931218885,div_stkd,NA,NA,6362.297186480591,inft_stkd,NA,all_intf,0,NA
gas_line,perimeter,808,2019,2020.04.15,p,p,p,l,m,rubu,a,NA,l,372,p,318,a,NA,10,10,NA,6162.54344975108,comm_stkd,NA,NA,6162.54344975108,div_stkd,NA,NA,13066.989158313041,inft_stkd,NA,all_intf,1540.63586243777,win_02
gas_line,perimeter,809,2019,2020.04.15,p,p,p,m,m,rhus,p,loni,l,761,p,318,a,NA,10,20,NA,NA,NA,NA,NA,NA,NA,NA,NA,5249.5844699098525,inft_stkd,NA,all_intf,0,NA
gas_line,perimeter,810,2019,2020.04.15,a,p,a,p,p,rubu,a,NA,l,531,l,372,a,NA,10,10,NA,7318.0203465794075,comm_stkd,NA,NA,8088.3382777982915,div_stkd,NA,NA,7375.133034686576,inft_stkd,NA,all_intf,385.1589656094425,win_01
gas_line,perimeter,811,2019,2020.04.15,p,p,a,p,p,rubu,a,NA,p,740,p,833,a,NA,10,10,NA,20798.584142909895,comm_stkd,NA,NA,21183.74310851934,div_stkd,NA,NA,47360.76694869417,inft_stkd,NA,all_intf,1540.63586243777,win_02
gas_line,perimeter,812,2019,2020.04.15,l,l,p,l,l,rubu,a,NA,l,740,a,NA,a,NA,10,10,NA,4236.748621703868,comm_stkd,NA,NA,4621.90758731331,div_stkd,NA,NA,15335.17877171211,inft_stkd,NA,all_intf,770.317931218885,win_02
gas_line,perimeter,813,2019,2020.04.15,l,p,l,l,m,rubu,a,NA,p,951,p,541,a,NA,10,10,NA,NA,NA,NA,NA,NA,NA,NA,NA,NA,NA,NA,NA,385.1589656094425,win_01
gas_line,perimeter,814,2019,2020.04.20,h,p,p,l,h,rubu,a,NA,p,rubu,a,NA,a,NA,10,20,NA,NA,NA,NA,NA,NA,NA,NA,NA,NA,NA,NA,NA,NA,NA
gas_line,perimeter,815,2019,2020.04.20,h,p,m,l,m,rubu,a,NA,p,761,a,NA,p,viti,10,0,NA,1925.7948280472124,comm_stkd,NA,NA,3081.27172487554,div_stkd,6077.015089235907,pre_diver_deer1,NA,NA,intf_stkd,all_intf,0,NA
gas_line,perimeter,816,2019,2020.04.20,h,l,l,m,m,rubu,a,NA,l,761,a,NA,a,NA,10,0,NA,3851.5896560944248,comm_stkd,NA,NA,3851.5896560944248,div_stkd,NA,NA,NA,NA,NA,NA,770.317931218885,win_02
gas_line,perimeter,817,2019,2020.04.17,l,l,a,m,m,rubu,a,NA,p,531,l,833,a,NA,10,30,NA,770.317931218885,comm_stkd,NA,NA,5007.066552922753,div_stkd,NA,NA,3423.6665102273955,inft_stkd,NA,all_intf,0,NA
gas_line,perimeter,818,2019,2020.04.17,p,l,a,l,h,rubu,a,NA,p,761,p,762,a,NA,10,20,NA,770.317931218885,comm_stkd,NA,NA,2310.953793656655,div_stkd,NA,NA,NA,NA,NA,NA,0,NA
gas_line,perimeter,819,2019,2020.04.17,p,m,a,p,l,rubu,a,NA,l,761,p,833,a,NA,10,10,NA,770.317931218885,comm_stkd,NA,NA,3466.4306904849823,div_stkd,NA,NA,29700.28587547582,inft_stkd,NA,all_intf,0,NA
gas_line,perimeter,820,2019,2020.04.17,p,l,a,l,m,rubu,a,NA,l,740,p,318,a,NA,10,20,NA,NA,NA,NA,NA,6162.54344975108,div_stkd,NA,NA,17203.860911652155,inft_stkd,NA,all_intf,0,NA
gas_line,perimeter,821,2019,2020.04.17,l,p,a,m,m,rubu,p,NA,p,761,p,833,a,NA,10,20,NA,NA,NA,NA,NA,8473.497243407735,div_stkd,NA,NA,9443.568911356131,inft_stkd,NA,all_intf,NA,NA
gas_line,perimeter,822,2019,2020.04.17,m,p,a,h,l,rubu,a,NA,p,129,l,833,a,NA,10,20,NA,NA,NA,8102.686785647875,pre_comm_deer1,2310.953793656655,div_stkd,13166.866026677797,pre_diver_deer2,NA,NA,NA,NA,385.1589656094425,win_01
gas_line,perimeter,823,2019,2020.04.16,h,p,p,h,m,rubu,a,NA,p,761,a,NA,a,NA,10,0,NA,NA,NA,NA,NA,3851.5896560944248,div_stkd,NA,NA,NA,NA,NA,NA,0,NA
gas_line,perimeter,824,2019,2020.04.16,m,p,a,m,m,rubu,p,NA,m,761,a,NA,a,NA,10,0,NA,NA,NA,NA,NA,1155.4768968283274,div_stkd,NA,NA,5249.584469909852,inft_stkd,NA,all_intf,0,NA
gas_line,perimeter,825,2019,2020.04.16,m,l,p,m,m,rubu,p,NA,m,761,a,NA,a,NA,10,10,NA,NA,NA,NA,NA,NA,NA,NA,NA,9728.851008600817,inft_stkd,NA,all_intf,NA,NA
gas_line,perimeter,826,2019,2020.04.16,m,p,a,h,l,rubu,a,NA,a,NA,a,NA,a,NA,10,0,NA,NA,NA,NA,NA,770.317931218885,div_stkd,18231.04526770772,pre_diver_deer2,7089.85093744189,inft_stkd,NA,all_intf,385.1589656094425,win_01
gas_line,perimeter,827,2019,2020.04.16,l,p,NA,h,l,rubu,a,NA,l,740,a,NA,a,NA,10,0,NA,NA,NA,NA,NA,4621.90758731331,div_stkd,6077.015089235906,pre_diver_deer1,NA,NA,NA,NA,0,NA
gas_line,perimeter,828,2019,2020.04.16,p,p,NA,h,l,rubu,a,NA,m,740,a,NA,a,NA,10,0,NA,1540.63586243777,comm_stkd,NA,NA,5392.225518532195,div_stkd,10128.358482059844,pre_diver_deer1,NA,NA,NA,NA,385.1589656094425,win_01
gas_line,perimeter,829,2019,2020.04.16,p,p,NA,h,m,rubu,a,NA,p,740,p,833,a,NA,10,0,NA,1155.4768968283274,comm_stkd,NA,NA,1540.63586243777,div_stkd,NA,NA,8102.686785647875,inft_stkd,NA,all_intf,1155.4768968283274,win_02
gas_line,perimeter,830,2019,2020.04.16,p,l,a,l,l,rubu,a,NA,p,740,l,833,a,NA,10,30,NA,2696.1127592660973,comm_stkd,NA,NA,6162.54344975108,div_stkd,10128.358482059844,pre_diver_deer1,NA,NA,NA,NA,385.1589656094425,win_01
gas_line,perimeter,831,2019,2020.04.16,l,m,NA,m,m,rubu,a,NA,l,740,p,372,a,NA,10,10,NA,3851.5896560944248,comm_stkd,6077.015089235906,pre_comm_deer1,5777.384484141638,div_stkd,6077.015089235906,pre_diver_deer1,NA,NA,NA,NA,1155.4768968283274,win_02
gas_line,perimeter,832,2019,2020.04.16,m,p,NA,h,l,rubu,a,NA,p,316,a,NA,a,NA,10,0,NA,NA,NA,NA,NA,1155.4768968283274,div_stkd,6077.015089235906,pre_diver_deer1,NA,NA,NA,NA,0,NA
gas_line,perimeter,833,2019,2020.04.16,p,p,NA,h,m,rubu,a,NA,p,740,a,NA,a,NA,10,0,NA,NA,NA,NA,NA,NA,NA,16205.37357129575,pre_diver_deer2,NA,NA,NA,NA,NA,NA
gas_line,perimeter,834,2019,2020.04.16,m,p,NA,h,p,rubu,p,NA,p,740,a,NA,a,NA,10,0,NA,NA,NA,NA,NA,770.317931218885,div_stkd,9115.52263385386,pre_diver_deer1,4051.3433928239374,inft_stkd,NA,all_intf,385.1589656094425,win_01
gas_line,perimeter,835,2019,2020.04.16,m,l,NA,m,m,rubu,a,NA,l,531,p,762,a,NA,10,20,NA,3081.27172487554,comm_stkd,7089.850937441891,pre_comm_deer1,3466.4306904849823,div_stkd,7089.850937441891,pre_diver_deer1,NA,NA,NA,NA,1540.63586243777,win_02
red_pine,control,746,2019,2020.07.17,m,p,l,m,l,rubu,a,NA,l,531,l,832,a,NA,10,50,1,NA,NA,NA,NA,NA,NA,NA,NA,NA,NA,NA,NA,0,NA
red_pine,control,747,2019,2020.07.17,m,a,l,h,m,rubu,a,NA,p,832,p,832,a,NA,10,30,10,NA,NA,NA,NA,NA,NA,NA,NA,NA,NA,NA,NA,770.317931218885,win_02
red_pine,control,748,2019,2020.07.17,m,a,m,h,m,rubu,a,NA,p,261,p,261,a,NA,10,40,1,NA,NA,NA,NA,NA,NA,8102.686785647875,pre_diver_deer1,NA,NA,intf_stkd,all_intf,0,NA
red_pine,control,750,2019,2020.07.17,l,p,p,h,l,rubu,a,NA,p,261,l,832,a,NA,10,40,1,NA,NA,NA,NA,NA,NA,NA,NA,NA,NA,NA,NA,385.1589656094425,win_01
red_pine,control,751,2019,2020.07.17,m,p,p,h,l,rubu,a,NA,m,531,m,832,a,NA,10,40,1,NA,NA,NA,NA,NA,NA,NA,NA,NA,NA,NA,NA,NA,NA
red_pine,control,752,2019,2020.07.16,m,l,p,l,m,rubu,a,NA,p,316,a,NA,a,NA,10,0,1,NA,NA,NA,NA,NA,NA,8102.686785647875,pre_diver_deer1,10128.358482059844,inft_stkd,NA,all_intf,0,NA
red_pine,control,753,2019,2020.07.16,m,m,p,l,m,rubu,a,NA,a,NA,a,NA,a,NA,10,0,1,NA,NA,NA,NA,NA,NA,NA,NA,10128.358482059844,inft_stkd,NA,all_intf,0,NA
red_pine,control,754,2019,2020.07.16,l,m,p,l,m,rubu,a,NA,a,NA,a,NA,a,NA,10,0,1,NA,NA,8102.686785647875,pre_comm_deer1,NA,NA,9115.52263385386,pre_diver_deer1,4051.3433928239374,inft_stkd,NA,all_intf,0,NA
red_pine,control,755,2019,2020.07.16,m,m,a,l,m,rubu,a,NA,p,316,a,NA,a,NA,10,0,1,NA,NA,NA,NA,NA,NA,NA,NA,8102.686785647875,inft_stkd,NA,all_intf,0,NA
red_pine,control,756,2019,2020.07.16,m,m,p,l,m,rubu,p,elae,p,761,a,NA,a,NA,10,0,1,NA,NA,NA,NA,NA,NA,7089.85093744189,pre_diver_deer1,13166.866026677795,inft_stkd,NA,all_intf,0,NA
red_pine,control,757,2019,2020.07.16,m,m,a,l,m,rubu,p,elae,p,743,a,NA,p,viti,10,0,1,NA,NA,NA,NA,NA,NA,18231.04526770772,pre_diver_deer2,15192.537723089765,inft_stkd,NA,all_intf,0,NA
red_pine,control,758,2019,2020.07.16,l,l,p,p,m,rubu,p,elae,p,531,p,833,a,NA,10,30,1,NA,NA,9115.52263385386,pre_comm_deer1,NA,NA,23295.22450873764,pre_diver_deer2,13166.866026677795,inft_stkd,NA,all_intf,0,NA
red_pine,control,759,2019,2020.07.16,l,l,p,l,l,rubu,p,elae,l,531,m,833,p,viti,10,40,10,NA,NA,NA,NA,NA,NA,NA,NA,4051.3433928239374,inft_stkd,NA,all_intf,NA,NA
red_pine,control,760,2019,2020.07.16,l,m,l,m,p,rubu,a,NA,m,743,l,833,p,viti,10,10,10,NA,NA,NA,NA,2696.1127592660973,div_stkd,9115.52263385386,pre_diver_deer1,NA,NA,NA,NA,NA,NA
red_pine,control,761,2019,2020.07.16,l,m,l,p,m,rubu,a,NA,m,743,p,372,a,NA,10,10,1,NA,NA,NA,NA,1925.7948280472124,div_stkd,6077.015089235906,pre_diver_deer1,NA,NA,NA,NA,0,NA
red_pine,control,762,2019,2020.07.16,l,l,a,m,m,rubu,p,loni,m,743,a,NA,a,NA,10,0,1,NA,NA,7089.85093744189,pre_comm_deer1,770.317931218885,div_stkd,9115.52263385386,pre_diver_deer1,3038.507544617953,inft_stkd,NA,all_intf,0,NA
red_pine,control,763,2019,2020.07.16,a,l,p,m,l,rubu,a,NA,p,743,a,NA,a,NA,10,30,1,NA,NA,8102.686785647875,pre_comm_deer1,NA,NA,17218.209419501734,pre_diver_deer2,NA,NA,NA,NA,1540.63586243777,win_02
red_pine,control,764,2019,2020.07.17,p,m,p,l,l,rubu,a,NA,p,531,p,129,a,NA,10,20,1,NA,NA,NA,NA,NA,NA,6077.015089235906,pre_diver_deer1,12154.030178471812,inft_stkd,NA,all_intf,0,NA
red_pine,control,765,2019,2020.07.17,m,m,a,m,p,rubu,a,NA,m,531,l,129,p,viti,10,30,1,NA,NA,NA,NA,NA,NA,NA,NA,4051.3433928239374,inft_stkd,NA,all_intf,NA,NA
red_pine,control,766,2019,2020.07.16,m,p,p,m,m,rubu,a,NA,m,743,a,NA,a,NA,10,10,1,NA,NA,NA,NA,1925.7948280472124,div_stkd,6077.015089235906,pre_diver_deer1,4051.3433928239374,inft_stkd,NA,all_intf,0,NA
red_pine,control,767,2019,2020.07.16,p,p,m,m,p,rubu,a,NA,l,129,p,316,a,NA,10,20,10,NA,NA,7089.85093744189,pre_comm_deer1,NA,NA,11141.194330265827,pre_diver_deer1,6462.174054845349,inft_stkd,intf_stkd,all_intf,0,NA
red_pine,control,768,2019,2020.07.16,a,p,p,h,p,rubu,p,elae,p,531,m,833,a,NA,10,30,25,NA,NA,NA,NA,NA,NA,NA,NA,NA,NA,NA,NA,385.1589656094425,win_01
red_pine,control,769,2019,2020.07.16,a,l,l,h,m,rubu,a,NA,p,701,p,833,p,viti,10,20,10,NA,NA,NA,NA,NA,NA,NA,NA,6077.015089235907,inft_stkd,NA,all_intf,385.1589656094425,win_01
red_pine,control,770,2019,2020.07.16,p,p,l,h,l,rubu,p,elae,l,701,p,833,p,viti,10,0,25,NA,NA,7089.85093744189,pre_comm_deer1,NA,NA,8102.686785647875,pre_diver_deer1,NA,NA,NA,NA,1155.4768968283274,win_02
red_pine,control,771,2019,2020.07.16,m,m,p,m,m,rubu,a,NA,l,129,p,833,p,viti,10,20,10,NA,NA,NA,NA,NA,NA,NA,NA,NA,NA,NA,NA,385.1589656094425,win_01
red_pine,control,772,2019,2020.07.16,m,m,p,m,p,rubu,a,NA,l,833,m,833,a,NA,10,10,25,NA,NA,NA,NA,NA,NA,NA,NA,NA,NA,NA,NA,0,NA
red_pine,control,773,2019,2020.07.16,m,m,a,m,l,vacc,a,NA,p,316,p,833,a,NA,10,20,1,NA,NA,NA,NA,NA,NA,6077.015089235906,pre_diver_deer1,3423.6665102273955,inft_stkd,NA,all_intf,385.1589656094425,win_01
red_pine,control,774,2019,2020.07.16,m,p,a,h,l,rubu,a,NA,l,129,a,NA,a,NA,10,10,10,NA,NA,7089.85093744189,pre_comm_deer1,NA,NA,7089.85093744189,pre_diver_deer1,NA,NA,NA,NA,1540.63586243777,win_02
red_pine,control,775,2019,2020.07.16,l,l,a,h,l,rubu,a,NA,l,129,a,NA,p,viti,10,20,1,NA,NA,NA,NA,NA,NA,NA,NA,NA,NA,NA,NA,770.317931218885,win_02
red_pine,interior,334,2019,2020.05.27,p,h,p,h,m,rubu,p,loni,p,355,a,NA,p,viti,10,0,37,NA,NA,NA,NA,NA,NA,NA,NA,NA,NA,NA,NA,770.317931218885,win_02
red_pine,interior,335,2019,2020.06.01,l,l,a,h,l,rubu,a,NA,h,740,a,NA,p,viti,10,0,19,NA,NA,NA,NA,8473.497243407735,div_stkd,NA,NA,NA,NA,NA,NA,0,NA
red_pine,interior,336,2019,2020.06.01,a,h,a,l,l,rubu,p,loni,h,740,p,833,p,viti,10,10,54,770.317931218885,comm_stkd,NA,NA,6932.8613809699655,div_stkd,10128.358482059844,pre_diver_deer1,NA,NA,NA,NA,0,NA
red_pine,interior,337,2019,2020.05.27,a,l,a,h,m,rubu,p,elae,p,761,a,NA,a,NA,10,0,15,NA,NA,8102.686785647875,pre_comm_deer1,NA,NA,14179.70187488378,pre_diver_deer2,NA,NA,NA,NA,1155.4768968283274,win_02
red_pine,interior,338,2019,2020.06.01,p,m,a,m,m,rubu,a,NA,p,316,p,832,p,viti,10,10,NA,1540.63586243777,comm_stkd,25320.89620514961,pre_comm_deer2,2696.1127592660973,div_stkd,42539.10562465135,pre_diver_deer2,NA,NA,NA,NA,1540.63586243777,win_02
red_pine,interior,339,2019,2020.06.01,l,h,a,m,m,rubu,a,NA,p,541,p,762,a,NA,10,0,22,NA,NA,7089.85093744189,pre_comm_deer1,NA,NA,12154.030178471812,pre_diver_deer2,NA,NA,NA,NA,1540.63586243777,win_02
red_pine,interior,340,2019,2020.06.08,p,m,p,m,m,rubu,a,NA,l,761,l,318,p,viti,10,20,41,3466.4306904849823,comm_stkd,10128.358482059844,pre_comm_deer1,3466.4306904849823,div_stkd,10128.358482059844,pre_diver_deer1,4236.748621703868,inft_stkd,NA,all_intf,0,NA
red_pine,interior,341,2019,2020.05.27,p,m,a,m,m,rubu,p,loni,l,740,a,NA,p,viti,10,0,7,NA,NA,NA,NA,1925.7948280472124,div_stkd,NA,NA,NA,NA,NA,NA,0,NA
red_pine,interior,342,2019,2020.06.09,p,p,a,h,l,rubu,a,NA,m,746,m,832,a,NA,10,30,41,1155.4768968283274,comm_stkd,6077.015089235906,pre_comm_deer1,2696.1127592660973,div_stkd,11141.19433026583,pre_diver_deer1,3038.507544617953,inft_stkd,NA,all_intf,770.317931218885,win_02
red_pine,interior,343,2019,2020.06.09,p,l,a,m,l,vacc,a,NA,p,743,m,833,a,NA,10,20,7,NA,NA,NA,NA,770.317931218885,div_stkd,10128.358482059844,pre_diver_deer1,5064.179241029922,inft_stkd,NA,all_intf,0,NA
red_pine,interior,344,2019,2020.06.09,a,m,p,h,m,rubu,a,NA,m,746,p,832,a,NA,10,10,18,1155.4768968283274,comm_stkd,6077.015089235906,pre_comm_deer1,4236.748621703868,div_stkd,8102.686785647875,pre_diver_deer1,NA,NA,NA,NA,0,NA
red_pine,interior,345,2019,2020.05.28,a,m,a,h,l,rubu,l,loni,p,591,a,NA,a,NA,10,0,69,NA,NA,14179.70187488378,pre_comm_deer2,NA,NA,14179.70187488378,pre_diver_deer2,NA,NA,NA,NA,1540.63586243777,win_02
red_pine,interior,346,2019,2020.05.28,m,m,p,m,l,rubu,a,NA,l,740,a,NA,a,NA,10,0,12,NA,NA,37474.926383621416,pre_comm_deer2,770.317931218885,div_stkd,37474.926383621416,pre_diver_deer2,3951.466524459181,inft_stkd,NA,all_intf,0,NA
red_pine,interior,347,2019,2020.05.28,p,m,a,h,m,rubu,a,NA,l,740,p,129,a,NA,10,10,16,NA,NA,NA,NA,3081.27172487554,div_stkd,NA,NA,11911.512261484713,inft_stkd,NA,all_intf,0,NA
red_pine,interior,348,2019,2020.05.28,l,l,l,m,m,rubu,a,NA,p,355,a,NA,a,NA,10,10,23,NA,NA,20256.716964119685,pre_comm_deer2,1540.63586243777,div_stkd,28359.40374976756,pre_diver_deer2,6989.974069077134,inft_stkd,NA,all_intf,0,NA
red_pine,perimeter,880,2019,2020.05.26,l,l,a,m,m,rubu,a,NA,p,761,a,NA,a,NA,10,0,5,NA,NA,NA,NA,1155.4768968283274,div_stkd,NA,NA,28473.34778269074,inft_stkd,NA,all_intf,0,NA
red_pine,perimeter,881,2019,2020.05.26,m,l,a,l,l,rubu,a,NA,l,761,a,NA,a,NA,10,0,5,1540.63586243777,comm_stkd,NA,NA,10784.45103706439,div_stkd,6077.015089235906,pre_diver_deer1,4236.748621703868,inft_stkd,NA,all_intf,385.1589656094425,win_01
red_pine,perimeter,882,2019,2020.05.26,m,l,a,h,l,rubu,a,NA,m,740,a,NA,a,NA,10,0,1,NA,NA,NA,NA,1925.7948280472124,div_stkd,NA,NA,5064.179241029922,inft_stkd,NA,all_intf,NA,NA
red_pine,perimeter,883,2019,2020.06.01,p,m,a,m,m,rubu,l,elae,l,740,a,NA,p,viti,10,0,9,NA,NA,NA,NA,1925.7948280472124,div_stkd,10128.358482059844,pre_diver_deer1,NA,NA,NA,NA,385.1589656094425,win_01
red_pine,perimeter,884,2019,2020.06.01,a,p,a,m,m,rubu,a,NA,m,740,p,833,a,NA,10,0,17,1540.63586243777,comm_stkd,NA,NA,1925.7948280472124,div_stkd,NA,NA,NA,NA,NA,NA,385.1589656094425,win_01
red_pine,perimeter,885,2019,2020.06.01,a,l,a,l,m,rubu,a,NA,h,740,p,833,a,NA,10,0,14,NA,NA,NA,NA,7703.1793121888495,div_stkd,NA,NA,NA,NA,NA,NA,0,NA
red_pine,perimeter,886,2019,2020.06.08,a,m,a,l,m,rubu,a,NA,h,746,l,833,p,viti,10,0,33,NA,NA,NA,NA,13865.72276193993,div_stkd,NA,NA,NA,NA,NA,NA,0,NA
red_pine,perimeter,887,2019,2020.06.08,a,l,a,l,l,rubu,a,NA,m,701,p,316,a,NA,10,0,3,1925.7948280472124,comm_stkd,NA,NA,4621.90758731331,div_stkd,NA,NA,12624.717504596427,inft_stkd,NA,all_intf,385.1589656094425,win_01
red_pine,perimeter,888,2019,2020.06.08,a,l,a,h,m,rubu,a,NA,l,316,l,318,p,viti,10,10,21,1540.63586243777,comm_stkd,NA,NA,1540.63586243777,div_stkd,NA,NA,NA,NA,NA,NA,1540.63586243777,win_02
red_pine,perimeter,889,2019,2020.06.08,p,l,a,h,h,rubu,p,berb,l,355,p,833,a,NA,10,0,18,NA,NA,NA,NA,NA,NA,NA,NA,NA,NA,NA,NA,770.317931218885,win_02
red_pine,perimeter,890,2019,2020.06.09,p,l,a,h,m,rubu,p,loni,p,743,a,NA,a,NA,10,0,12,NA,NA,6077.015089235906,pre_comm_deer1,NA,NA,10128.358482059844,pre_diver_deer1,3181.148593240296,inft_stkd,NA,all_intf,0,NA
red_pine,perimeter,891,2019,2020.06.09,m,l,a,m,m,rubu,p,elae,l,743,p,833,a,NA,10,10,25,770.317931218885,comm_stkd,8102.686785647875,pre_comm_deer1,2696.1127592660973,div_stkd,18231.04526770772,pre_diver_deer2,14950.019806102668,inft_stkd,NA,all_intf,385.1589656094425,win_01
red_pine,perimeter,892,2019,2020.06.09,m,m,a,h,m,rubu,a,NA,p,761,a,NA,a,NA,10,0,12,NA,NA,NA,NA,NA,NA,6077.015089235906,pre_diver_deer1,7517.774083308919,inft_stkd,NA,all_intf,0,NA
sta_rd,control,384,2019,2020.07.06,a,p,p,h,p,rubu,p,loni,p,701,m,318,a,NA,10,50,1,NA,NA,NA,NA,NA,NA,NA,NA,NA,NA,NA,NA,1155.4768968283274,win_02
sta_rd,control,385,2019,2020.07.06,l,l,p,h,l,rubu,p,loni,l,318,m,318,a,NA,10,40,10,1155.4768968283274,comm_stkd,NA,NA,1155.4768968283274,div_stkd,NA,NA,NA,NA,NA,NA,1540.63586243777,win_02
sta_rd,control,386,2019,2020.06.29,p,l,l,m,h,rubu,a,NA,a,NA,p,316,a,NA,10,10,1,NA,NA,18231.04526770772,pre_comm_deer2,NA,NA,18231.04526770772,pre_diver_deer2,NA,NA,NA,NA,1540.63586243777,win_02
sta_rd,control,387,2019,2020.06.29,p,m,p,p,m,rubu,a,NA,p,372,l,372,a,NA,10,30,1,NA,NA,23295.22450873764,pre_comm_deer2,NA,NA,23295.22450873764,pre_diver_deer2,3038.507544617953,inft_stkd,NA,all_intf,1540.63586243777,win_02
sta_rd,control,388,2019,2020.07.06,p,m,p,l,h,rubu,a,NA,a,NA,p,316,a,NA,10,10,1,NA,NA,NA,NA,NA,NA,NA,NA,NA,NA,NA,NA,1540.63586243777,win_02
sta_rd,control,389,2019,2020.07.06,p,m,a,m,h,rubu,a,NA,p,581,a,NA,a,NA,10,0,10,NA,NA,8102.686785647875,pre_comm_deer1,NA,NA,8102.686785647875,pre_diver_deer1,3038.507544617953,inft_stkd,NA,all_intf,1540.63586243777,win_02
sta_rd,control,390,2019,2020.07.06,l,p,p,l,h,rubu,a,NA,p,315,a,NA,a,NA,10,10,10,NA,NA,22282.388660531655,pre_comm_deer2,NA,NA,22282.388660531655,pre_diver_deer2,NA,NA,NA,NA,1540.63586243777,win_02
sta_rd,control,391,2019,2020.06.29,p,p,p,p,h,rubu,p,loni,a,NA,l,316,a,NA,10,30,10,NA,NA,NA,NA,NA,NA,NA,NA,NA,NA,NA,NA,1540.63586243777,win_02
sta_rd,control,392,2019,2020.06.29,p,p,p,m,m,rubu,p,loni,p,743,p,372,a,NA,10,30,10,NA,NA,NA,NA,770.317931218885,div_stkd,NA,NA,NA,NA,NA,NA,0,NA
sta_rd,control,393,2019,2020.06.29,a,p,p,l,h,rubu,a,NA,l,531,l,316,a,NA,10,20,10,NA,NA,30385.07544617953,pre_comm_deer2,NA,NA,30385.07544617953,pre_diver_deer2,4436.502358433379,inft_stkd,NA,all_intf,385.1589656094425,win_01
sta_rd,control,394,2019,2020.07.07,m,l,l,m,l,rubu,a,NA,a,NA,h,318,a,NA,10,50,25,NA,NA,NA,NA,NA,NA,NA,NA,NA,NA,NA,NA,385.1589656094425,win_01
sta_rd,control,395,2019,2020.07.07,p,l,m,m,m,rubu,p,loni,a,NA,p,318,a,NA,10,10,50,NA,NA,NA,NA,NA,NA,NA,NA,NA,NA,intf_stkd,all_intf,770.317931218885,win_02
sta_rd,control,396,2019,2020.07.07,a,h,p,l,h,rubu,a,NA,l,samb,a,NA,a,NA,10,20,1,NA,NA,NA,NA,NA,NA,NA,NA,NA,NA,NA,NA,385.1589656094425,win_01
sta_rd,control,397,2019,2020.07.07,a,h,p,l,h,rubu,a,NA,p,samb,l,318,p,viti,10,30,1,NA,NA,NA,NA,NA,NA,NA,NA,NA,NA,NA,NA,0,NA
sta_rd,control,398,2019,2020.07.07,p,m,l,l,h,rubu,a,NA,p,531,l,318,p,viti,10,50,1,NA,NA,NA,NA,NA,NA,NA,NA,NA,NA,NA,NA,NA,NA
sta_rd,control,399,2019,2020.07.09,a,m,l,m,h,rubu,a,NA,p,531,m,318,a,NA,10,40,50,NA,NA,NA,NA,NA,NA,NA,NA,NA,NA,NA,NA,0,NA
sta_rd,control,400,2019,2020.07.09,a,m,m,l,m,samb,a,NA,a,NA,l,318,a,NA,10,50,1,NA,NA,NA,NA,NA,NA,NA,NA,NA,NA,intf_stkd,all_intf,0,NA
sta_rd,control,701,2019,2020.07.09,a,m,p,m,h,samb,p,NA,p,531,h,318,a,NA,10,80,1,NA,NA,NA,NA,NA,NA,NA,NA,NA,NA,NA,NA,NA,NA
sta_rd,control,702,2019,2020.07.09,p,m,l,m,h,rubu,a,NA,a,NA,m,318,a,NA,10,50,100,NA,NA,8102.686785647875,pre_comm_deer1,NA,NA,8102.686785647875,pre_diver_deer1,NA,NA,NA,NA,1155.4768968283274,win_02
sta_rd,control,703,2019,2020.07.09,a,m,l,m,h,rubu,a,NA,p,samb,p,318,a,NA,10,20,1,NA,NA,NA,NA,NA,NA,NA,NA,NA,NA,NA,NA,NA,NA
sta_rd,control,704,2019,2020.07.07,p,m,m,l,h,rubu,a,NA,p,samb,l,318,a,NA,10,50,10,NA,NA,NA,NA,NA,NA,NA,NA,NA,NA,intf_stkd,all_intf,NA,NA
sta_rd,control,705,2019,2020.07.07,l,l,m,m,h,rubu,a,NA,p,372,p,318,a,NA,10,40,1,NA,NA,NA,NA,NA,NA,NA,NA,NA,NA,intf_stkd,all_intf,0,NA
sta_rd,control,706,2019,2020.07.07,p,m,p,m,h,rubu,a,NA,p,samb,p,318,p,viti,10,20,10,NA,NA,NA,NA,NA,NA,NA,NA,NA,NA,NA,NA,1155.4768968283274,win_02
sta_rd,control,707,2019,2020.07.07,p,m,m,l,m,rubu,a,NA,p,samb,l,318,a,NA,10,50,10,NA,NA,NA,NA,NA,NA,NA,NA,NA,NA,intf_stkd,all_intf,385.1589656094425,win_01
sta_rd,control,708,2019,2020.07.07,m,l,l,m,m,rubu,a,NA,a,NA,m,318,a,NA,10,30,75,NA,NA,17218.209419501734,pre_comm_deer2,NA,NA,17218.209419501734,pre_diver_deer2,NA,NA,NA,NA,1540.63586243777,win_02
sta_rd,control,709,2019,2020.07.07,a,p,h,l,l,rubu,p,loni,l,531,h,318,a,NA,10,70,1,NA,NA,NA,NA,NA,NA,NA,NA,NA,NA,intf_stkd,all_intf,NA,NA
sta_rd,control,710,2019,2020.07.09,p,m,l,l,m,rubu,a,NA,l,samb,h,318,a,NA,10,40,75,NA,NA,NA,NA,NA,NA,NA,NA,10128.358482059844,inft_stkd,NA,all_intf,0,NA
sta_rd,control,711,2019,2020.07.09,l,l,l,l,h,samb,a,NA,p,samb,m,318,a,NA,10,60,50,NA,NA,6077.015089235906,pre_comm_deer1,NA,NA,6077.015089235906,pre_diver_deer1,NA,NA,NA,NA,1540.63586243777,win_02
sta_rd,control,712,2019,2020.07.09,a,l,p,l,h,samb,a,NA,m,samb,m,318,a,NA,10,70,1,NA,NA,NA,NA,NA,NA,NA,NA,NA,NA,NA,NA,0,NA
sta_rd,control,713,2019,2020.07.09,p,h,l,l,m,samb,a,NA,l,318,h,318,a,NA,10,60,50,NA,NA,NA,NA,NA,NA,NA,NA,NA,NA,NA,NA,0,NA
sta_rd,control,946,2019,2020.07.06,m,p,l,h,l,rubu,l,loni,l,372,m,318,a,NA,10,50,1,NA,NA,NA,NA,NA,NA,NA,NA,NA,NA,NA,NA,NA,NA
sta_rd,control,947,2019,2020.07.06,m,a,m,h,p,rubu,p,loni,l,315,h,951,a,NA,10,60,25,NA,NA,NA,NA,NA,NA,NA,NA,2310.953793656655,inft_stkd,intf_stkd,all_intf,0,NA
sta_rd,control,948,2019,2020.07.06,a,a,l,m,m,rubu,p,loni,m,315,m,318,a,NA,10,50,75,NA,NA,21269.552812325674,pre_comm_deer2,NA,NA,22282.38866053166,pre_diver_deer2,NA,NA,NA,NA,1540.63586243777,win_02
sta_rd,control,949,2019,2020.07.06,a,l,m,l,m,rubu,p,loni,m,372,m,318,a,NA,10,30,50,NA,NA,NA,NA,NA,NA,NA,NA,NA,NA,intf_stkd,all_intf,1155.4768968283274,win_02
wedge,interior,370,2019,2020.06.29,l,p,p,m,m,rubu,p,loni,h,743,l,316,p,viti,10,30,10,NA,NA,12154.030178471812,pre_comm_deer2,4236.748621703868,div_stkd,12154.030178471812,pre_diver_deer2,8873.004716866759,inft_stkd,NA,all_intf,0,NA
wedge,interior,371,2019,2020.06.29,p,m,l,p,m,rubu,a,NA,l,761,h,316,p,viti,10,50,75,NA,NA,16205.37357129575,pre_comm_deer2,NA,NA,16205.37357129575,pre_diver_deer2,3181.148593240296,inft_stkd,NA,all_intf,0,NA
wedge,interior,372,2019,2020.06.29,m,m,p,m,m,rubu,a,NA,m,761,l,531,l,viti,10,20,10,NA,NA,NA,NA,NA,NA,NA,NA,12282.322719244572,inft_stkd,NA,all_intf,0,NA
wedge,interior,373,2019,2020.06.23,a,l,p,p,l,rubu,a,NA,l,761,m,531,a,NA,10,30,50,NA,NA,98245.07727598048,pre_comm_deer2,NA,NA,98245.07727598048,pre_diver_deer2,24308.060356943624,inft_stkd,NA,all_intf,0,NA
wedge,interior,374,2019,2020.06.23,p,m,p,p,h,rubu,a,NA,h,761,a,NA,p,viti,10,0,10,NA,NA,NA,NA,NA,NA,NA,NA,6932.8613809699655,inft_stkd,NA,all_intf,NA,NA
wedge,interior,375,2019,2020.06.25,m,m,p,l,h,rubu,a,NA,m,761,m,318,a,NA,10,40,10,NA,NA,NA,NA,NA,NA,NA,NA,NA,NA,NA,NA,385.1589656094425,win_01
wedge,interior,376,2019,2020.06.23,p,l,p,p,m,rubu,a,NA,h,761,p,316,a,NA,10,30,25,NA,NA,NA,NA,NA,NA,NA,NA,27303.52237801283,inft_stkd,NA,all_intf,NA,NA
wedge,interior,377,2019,2020.06.23,p,l,p,p,m,rubu,a,NA,h,761,l,318,a,NA,10,50,25,NA,NA,NA,NA,NA,NA,NA,NA,29657.240351927067,inft_stkd,NA,all_intf,NA,NA
wedge,interior,378,2019,2020.06.25,l,m,m,l,m,rubu,a,NA,p,761,h,318,a,NA,10,100,75,NA,NA,NA,NA,NA,NA,NA,NA,7232.491986064233,inft_stkd,intf_stkd,all_intf,0,NA
wedge,interior,379,2019,2020.06.25,m,l,p,h,m,rubu,a,NA,p,761,p,318,p,viti,10,20,10,NA,NA,NA,NA,NA,NA,NA,NA,NA,NA,NA,NA,NA,NA
wedge,interior,380,2019,2020.06.23,p,m,m,l,m,rubu,a,NA,l,761,h,316,a,NA,10,80,75,NA,NA,NA,NA,NA,NA,NA,NA,2696.1127592660973,inft_stkd,intf_stkd,all_intf,0,NA
wedge,interior,381,2019,2020.06.23,p,h,m,p,h,rubu,a,NA,p,541,h,318,a,NA,10,80,50,NA,NA,NA,NA,NA,NA,NA,NA,NA,NA,intf_stkd,all_intf,770.317931218885,win_02
wedge,interior,382,2019,2020.06.25,l,m,p,p,h,rubu,a,NA,m,761,p,318,a,NA,10,10,75,NA,NA,NA,NA,NA,NA,NA,NA,2310.953793656655,inft_stkd,NA,all_intf,0,NA
wedge,interior,383,2019,2020.06.25,l,l,p,l,h,rubu,a,NA,m,761,l,318,a,NA,10,10,100,2696.1127592660973,comm_stkd,NA,NA,2696.1127592660973,div_stkd,NA,NA,7417.897214944163,inft_stkd,NA,all_intf,1540.63586243777,win_02
wedge,perimeter,966,2019,2020.06.23,a,p,p,l,m,rubu,a,NA,h,761,p,316,p,viti,10,10,100,NA,NA,NA,NA,NA,NA,NA,NA,31640.147868081454,inft_stkd,NA,all_intf,0,NA
wedge,perimeter,967,2019,2020.06.23,p,p,p,l,h,rubu,a,NA,m,761,p,318,a,NA,10,10,75,NA,NA,NA,NA,NA,NA,NA,NA,9971.368925587918,inft_stkd,NA,all_intf,0,NA
wedge,perimeter,968,2019,2020.06.23,p,m,l,l,h,rubu,a,NA,l,761,l,316,a,NA,10,60,10,1925.7948280472124,comm_stkd,7089.85093744189,pre_comm_deer1,1925.7948280472124,div_stkd,7089.85093744189,pre_diver_deer1,NA,NA,NA,NA,1540.63586243777,win_02
wedge,perimeter,969,2019,2020.06.25,l,l,l,l,h,rubu,a,NA,m,761,p,318,a,NA,10,10,75,NA,NA,NA,NA,NA,NA,NA,NA,9586.209959978474,inft_stkd,NA,all_intf,NA,NA
wedge,perimeter,970,2019,2020.06.25,m,l,l,h,m,rubu,a,NA,m,761,m,318,a,NA,10,30,50,NA,NA,NA,NA,NA,NA,NA,NA,7902.933048918363,inft_stkd,NA,all_intf,NA,NA
wedge,perimeter,971,2019,2020.06.25,m,l,l,m,m,rubu,a,NA,h,samb,l,316,a,NA,10,10,10,NA,NA,NA,NA,NA,NA,NA,NA,NA,NA,NA,NA,NA,NA
wedge,perimeter,972,2019,2020.06.25,p,l,p,m,h,rubu,a,NA,m,761,p,318,p,viti,10,0,10,NA,NA,NA,NA,NA,NA,NA,NA,6162.54344975108,inft_stkd,NA,all_intf,0,NA
wedge,perimeter,973,2019,2020.06.29,l,l,p,h,m,rubu,a,NA,m,743,p,316,m,viti,10,10,1,NA,NA,NA,NA,2696.1127592660973,div_stkd,NA,NA,NA,NA,NA,NA,NA,NA
wedge,perimeter,974,2019,2020.06.29,l,p,p,h,p,rubu,a,NA,m,743,m,316,p,viti,10,30,10,NA,NA,NA,NA,1155.4768968283274,div_stkd,NA,NA,NA,NA,NA,NA,0,NA
wedge,perimeter,975,2019,2020.06.23,m,l,p,m,l,rubu,a,NA,m,743,m,316,a,NA,10,50,75,NA,NA,13166.866026677797,pre_comm_deer2,2310.953793656655,div_stkd,16205.37357129575,pre_diver_deer2,21269.552812325674,inft_stkd,NA,all_intf,0,NA
