harvest,season,date,location,point,disturb,slash,fern,herb,native_cov,native_spp,invasive_cov,invasive_spp,mid_cov,mid_spp,upper_cov,upper_spp,vine_cov,vine_spp,baf,oakhick,beech,maple,birch,hdwd,conifer,comm_sdl,ba_acre,cut,year,numb_yrs_grow
boot,2020,2021.06.16,i,349,p,l,p,h,h,rubu,p,635,a,NA,a,NA,a,NA,10,0,0,2,0,0,0,4,20,2017,2020,4
boot,2020,2021.06.16,i,350,p,p,l,l,m,rubu,a,NA,a,NA,a,NA,a,NA,10,0,1,0,0,0,0,4,10,2017,2020,4
boot,2020,2021.06.14,i,351,a,p,a,p,m,rubu,a,NA,p,316,h,531,a,NA,10,0,1,2,0,0,0,4,30,2017,2020,4
boot,2020,2021.06.14,i,352,p,m,l,p,h,rubu,a,NA,p,372,l,316,a,NA,10,0,0,3,0,0,0,4,30,2017,2020,4
boot,2020,2021.06.11,i,353,p,l,m,m,m,loni,a,NA,l,951,l,951,p,999,10,0,0,5,0,1,0,1,60,2017,2020,4
boot,2020,2021.06.14,i,354,a,m,m,p,h,rubu,a,NA,a,NA,a,NA,a,NA,10,0,0,4,0,0,0,2,40,2017,2020,4
boot,2020,2021.06.16,i,355,a,p,a,l,h,rubu,a,NA,m,761,a,NA,a,NA,10,0,0,0,0,0,0,4,0,2017,2020,4
boot,2020,2021.06.14,i,356,p,h,p,p,h,rubu,a,NA,l,761,m,316,a,NA,10,0,0,4,0,0,0,2,40,2017,2020,4
boot,2020,2021.06.14,i,357,l,m,h,p,h,rubu,a,NA,p,761,a,NA,p,999,10,0,0,2,0,0,0,0,20,2017,2020,4
boot,2020,2021.06.11,i,358,a,p,p,a,h,rubu,a,NA,p,372,a,NA,p,999,10,0,0,1,0,0,0,1,10,2017,2020,4
boot,2020,2021.06.11,i,359,a,l,l,m,h,rubu,a,NA,a,NA,p,316,a,NA,10,0,0,2,0,0,0,4,20,2017,2020,4
boot,2020,2021.06.11,i,360,a,m,p,l,m,rubu,a,NA,m,761,m,318,a,NA,10,1,1,4,0,0,0,4,60,2017,2020,4
boot,2020,2021.06.10,i,361,a,p,m,h,l,rubu,a,NA,p,761,m,318,a,NA,10,0,0,4,0,0,0,1,40,2017,2020,4
boot,2020,2021.06.11,i,362,a,l,p,p,h,samb,a,NA,a,NA,p,316,l,999,10,0,0,2,0,0,0,2,20,2017,2020,4
boot,2020,2021.06.11,i,363,a,m,m,m,h,samb,a,NA,a,NA,p,316,p,999,10,0,0,2,0,0,0,1,20,2017,2020,4
boot,2020,2021.06.11,i,364,a,m,a,m,h,rubu,l,905,m,761,m,318,p,999,10,2,0,2,0,0,0,3,40,2017,2020,4
boot,2020,2021.06.10,i,365,a,p,p,m,h,rubu,a,NA,l,951,m,318,a,NA,10,0,0,4,0,0,0,3,40,2017,2020,4
boot,2020,2021.06.10,i,366,a,m,p,p,m,rubu,a,NA,p,372,l,316,a,NA,10,1,0,4,0,0,0,1,50,2017,2020,4
boot,2020,2021.06.10,i,367,a,m,p,l,h,samb,p,905,m,951,m,951,p,999,10,0,0,3,0,2,0,1,50,2017,2020,4
boot,2020,2021.06.10,i,368,p,m,a,l,h,rubu,a,NA,p,761,l,318,l,999,10,0,0,6,0,0,0,2,60,2017,2020,4
boot,2020,2021.06.10,i,369,a,m,a,a,h,rubu,a,NA,p,372,p,833,a,NA,10,3,0,0,0,0,0,4,30,2017,2020,4
boot,2020,2021.06.14,p,950,a,l,a,p,m,rubu,a,NA,p,761,m,316,a,NA,10,0,0,2,0,0,0,3,20,2017,2020,4
boot,2020,2021.06.14,p,951,l,p,a,l,h,rubu,a,NA,m,761,a,NA,a,NA,10,0,0,0,0,0,0,3,0,2017,2020,4
boot,2020,2021.06.11,p,952,a,m,l,l,h,rubu,a,NA,a,NA,a,NA,a,NA,10,0,0,2,0,0,0,3,20,2017,2020,4
boot,2020,2021.06.11,p,953,a,l,a,p,h,rubu,a,NA,p,316,m,316,p,999,10,0,1,3,0,1,0,2,50,2017,2020,4
boot,2020,2021.06.10,p,954,a,p,p,m,h,rubu,a,NA,m,866,m,316,a,NA,10,0,0,3,0,0,0,3,30,2017,2020,4
boot,2020,2021.06.10,p,955,p,p,m,h,m,rubu,a,NA,l,761,p,316,a,NA,10,0,0,2,0,0,0,2,20,2017,2020,4
boot,2020,2021.06.10,p,956,a,l,m,l,h,rubu,a,NA,p,761,a,NA,a,NA,10,1,0,1,0,0,0,1,20,2017,2020,4
boot,2020,2021.06.10,p,957,a,m,a,l,m,rubu,a,NA,m,761,l,833,p,999,10,5,0,0,0,0,0,2,50,2017,2020,4
boot,2020,2021.06.10,p,958,a,m,l,l,h,rubu,a,NA,p,761,l,316,p,999,10,1,0,3,0,0,0,3,40,2017,2020,4
boot,2020,2021.06.10,p,959,a,p,a,l,h,rubu,a,NA,l,761,m,833,p,999,10,3,0,0,0,1,0,3,40,2017,2020,4
boot,2020,2021.06.10,p,960,a,p,p,p,h,rubu,a,NA,h,761,l,318,a,NA,10,0,0,1,0,0,0,3,10,2017,2020,4
boot,2020,2021.06.11,p,961,a,l,p,m,h,rubu,p,905,p,761,m,318,a,NA,10,1,0,1,0,1,0,3,30,2017,2020,4
boot,2020,2021.06.14,p,962,m,l,a,m,m,rubu,a,NA,l,951,a,NA,p,999,10,0,0,0,0,0,0,2,0,2017,2020,4
boot,2020,2021.06.16,p,963,p,l,l,h,m,samb,a,NA,p,761,p,531,p,999,10,0,1,0,0,0,0,4,10,2017,2020,4
boot,2020,2021.06.16,p,964,p,p,l,h,h,rubu,a,NA,p,761,a,NA,a,NA,10,0,0,0,0,0,0,4,0,2017,2020,4
boot,2020,2021.06.16,p,965,p,p,p,m,m,rubu,p,635,l,315,m,833,p,999,10,2,0,1,0,0,0,4,30,2017,2020,4
campridge,2020,2021.06.28,i,76,p,l,p,h,m,rubu,a,NA,a,NA,p,318,a,NA,10,1,0,1,0,0,0,1,20,2019,2020,2
campridge,2020,2021.06.28,i,77,a,m,p,m,h,rubu,a,NA,a,NA,l,318,a,NA,10,0,0,1,0,0,0,1,10,2019,2020,2
campridge,2020,2021.06.28,i,78,m,l,p,m,m,rubu,a,NA,a,NA,m,407,a,NA,10,3,0,1,0,0,0,1,40,2019,2020,2
campridge,2020,2021.06.28,i,79,m,l,p,h,m,rubu,p,635,a,NA,a,NA,a,NA,10,0,0,0,0,0,1,2,10,2019,2020,2
campridge,2020,2021.06.29,i,80,a,p,p,h,l,rubu,a,NA,p,951,m,951,a,NA,10,0,0,2,0,0,1,2,30,2019,2020,2
campridge,2020,2021.06.29,i,81,a,p,p,h,l,rubu,p,635,p,951,a,NA,a,NA,10,0,0,0,0,0,0,2,0,2019,2020,2
campridge,2020,2021.06.29,i,82,a,l,p,h,l,rubu,a,NA,p,951,l,407,a,NA,10,1,0,0,0,0,0,2,10,2019,2020,2
campridge,2020,2021.06.29,i,83,a,l,a,h,l,rubu,a,NA,l,951,p,318,a,NA,10,0,0,2,0,0,0,1,20,2019,2020,2
campridge,2020,2021.06.29,i,84,a,m,p,h,m,rubu,a,NA,a,NA,m,318,aa,NA,10,0,0,2,0,0,0,1,20,2019,2020,2
campridge,2020,2021.06.29,i,85,a,m,p,m,m,rubu,p,905,p,951,m,318,a,NA,10,0,0,4,0,0,0,1,40,2019,2020,2
campridge,2020,2021.05.10,i,87,l,l,p,h,p,samb,a,NA,p,531,p,318,a,NA,10,0,0,3,0,0,0,3,30,2019,2020,2
campridge,2020,2021.05.10,i,88,l,l,p,h,p,rubu,a,NA,a,NA,p,951,a,NA,10,0,0,1,0,2,0,1,30,2019,2020,2
campridge,2020,2021.05.10,i,89,p,l,p,h,p,rhus,a,NA,p,951,a,NA,l,999,10,0,0,1,0,0,0,1,10,2019,2020,2
campridge,2020,2021.05.10,i,90,p,m,p,h,m,rubu,a,NA,a,NA,p,318,a,NA,10,0,0,1,0,0,0,0,10,2019,2020,2
campridge,2020,2021.05.10,i,91,p,m,p,h,m,rubu,a,NA,a,NA,p,316,p,999,10,0,0,1,0,0,0,0,10,2019,2020,2
campridge,2020,2021.05.04,i,92,p,m,a,m,m,rubu,a,NA,p,743,a,NA,a,NA,10,3,0,0,0,1,0,3,40,2019,2020,2
campridge,2020,2021.05.04,i,93,l,m,p,h,p,rubu,a,NA,a,NA,p,833,a,NA,10,2,0,0,0,0,0,0,20,2019,2020,2
campridge,2020,2021.05.04,i,94,p,m,p,h,m,rubu,a,NA,p,951,p,833,a,NA,10,3,0,0,0,0,0,2,30,2019,2020,2
campridge,2020,2021.05.04,i,95,p,p,p,h,l,rubu,p,905,p,531,a,NA,a,NA,10,2,0,0,0,0,0,1,20,2019,2020,2
campridge,2020,2021.05.04,i,96,a,a,s,h,l,rubu,p,905,p,531,p,318,p,999,10,2,0,1,0,0,0,2,30,2019,2020,2
campridge,2020,2021.05.04,i,97,p,l,p,h,p,rubu,a,NA,p,743,a,NA,a,NA,10,0,0,0,0,0,0,1,0,2019,2020,2
campridge,2020,2021.05.04,i,98,a,h,p,h,p,rubu,p,635,a,NA,p,621,a,NA,10,0,0,0,0,1,0,0,10,2019,2020,2
campridge,2020,2021.05.04,i,100,p,l,a,p,p,rubu,a,NA,a,NA,l,833,a,NA,10,2,0,0,0,0,0,2,20,2019,2020,2
campridge,2020,2021.06.25,i,247,l,p,a,m,m,rubu,a,NA,a,NA,h,318,a,NA,10,2,0,2,0,0,0,1,40,2019,2020,2
campridge,2020,2021.06.25,i,248,a,m,p,m,h,rubu,a,NA,a,NA,p,833,a,NA,10,2,0,1,0,0,0,1,30,2019,2020,2
campridge,2020,2021.06.25,i,249,a,m,m,m,l,rubu,a,NA,a,NA,l,318,a,NA,10,1,0,2,0,0,0,2,30,2019,2020,2
campridge,2020,2021.06.25,i,250,a,m,m,m,m,rubu,a,NA,a,NA,l,833,a,NA,10,3,0,0,0,0,0,3,30,2019,2020,2
campridge,2020,2021.06.25,i,251,a,m,l,m,m,rubu,a,NA,p,531,l,316,a,NA,10,0,0,2,0,0,0,1,20,2019,2020,2
campridge,2020,2021.06.25,i,252,a,l,a,m,h,rubu,a,NA,p,743,m,316,a,NA,10,1,0,1,0,0,0,1,20,2019,2020,2
campridge,2020,2021.06.25,i,253,a,m,l,m,m,rubu,a,NA,l,531,m,372,a,NA,10,1,0,0,1,0,0,1,20,2019,2020,2
campridge,2020,2021.06.25,i,254,a,m,a,m,h,rubu,a,NA,p,743,a,NA,a,NA,10,2,0,0,0,0,0,0,20,2019,2020,2
campridge,2020,2021.06.25,i,255,a,m,l,l,m,rubu,a,NA,p,531,p,833,a,NA,10,1,0,0,0,0,0,1,10,2019,2020,2
campridge,2020,2021.06.25,i,256,a,m,a,m,m,rubu,a,NA,a,NA,a,NA,a,NA,10,1,0,0,0,0,0,1,10,2019,2020,2
campridge,2020,2021.06.29,i,441,a,l,a,m,m,rubu,a,NA,l,531,l,833,a,NA,10,2,0,0,0,0,0,3,20,2019,2020,2
campridge,2020,2021.06.29,i,442,a,m,l,h,m,rubu,a,NA,l,372,a,NA,a,NA,10,0,0,0,0,0,0,1,0,2019,2020,2
campridge,2020,2021.05.04,i,443,p,p,a,h,m,rubu,a,NA,p,541,a,NA,a,NA,10,0,0,0,0,0,0,1,0,2019,2020,2
campridge,2020,2021.06.29,i,444,a,m,p,m,h,rubu,a,NA,a,NA,a,NA,p,999,10,0,0,0,0,0,0,1,0,2019,2020,2
campridge,2020,2021.06.29,i,445,m,p,m,h,p,rubu,m,905,m,531,p,129,a,NA,10,0,0,0,0,1,1,0,20,2019,2020,2
campridge,2020,2021.06.29,i,446,m,m,l,h,p,rubu,a,NA,m,743,p,833,a,NA,10,1,1,0,0,0,0,1,20,2019,2020,2
campridge,2020,2021.05.10,i,449,p,l,a,h,m,rubu,a,NA,p,746,a,NA,p,999,10,0,0,0,0,0,1,2,10,2019,2020,2
campridge,2020,2021.05.10,i,450,p,l,a,h,l,rubu,a,NA,p,316,p,129,a,NA,10,0,0,0,0,1,2,2,30,2019,2020,2
campridge,2020,2021.05.04,i,451,p,h,p,h,m,rubu,a,NA,p,743,a,NA,a,NA,10,0,0,0,0,0,0,1,0,2019,2020,2
campridge,2020,2021.05.04,i,452,m,p,p,h,m,rubu,a,NA,a,NA,a,NA,a,NA,10,0,0,1,0,0,0,1,10,2019,2020,2
campridge,2020,2021.05.04,i,453,l,l,p,h,m,rubu,p,635,p,531,a,NA,a,NA,10,2,0,1,0,0,1,0,40,2019,2020,2
campridge,2020,2021.04.12,i,454,h,p,p,h,m,rubu,p,635,p,372,a,NA,a,NA,10,6,0,0,0,0,0,1,60,2019,2020,2
campridge,2020,2021.04.12,i,455,p,p,p,h,h,rubu,p,905,p,261,a,NA,a,NA,10,2,0,0,0,0,1,0,30,2019,2020,2
campridge,2020,2021.05.04,i,456,p,m,m,h,m,rubu,p,905,p,743,a,NA,a,NA,10,0,0,0,0,0,0,1,0,2019,2020,2
campridge,2020,2021.05.04,i,457,l,p,a,h,m,rubu,p,635,p,743,p,372,a,NA,10,0,0,0,1,0,0,1,10,2019,2020,2
campridge,2020,2021.05.04,i,458,p,h,a,h,m,rubu,a,NA,l,743,a,NA,a,NA,10,1,0,0,0,0,0,2,10,2019,2020,2
campridge,2020,2021.04.12,i,467,p,p,a,p,p,rubu,a,NA,a,NA,a,NA,a,NA,10,1,0,0,0,0,0,0,10,2019,2020,2
campridge,2020,2021.04.12,i,468,a,m,a,p,p,rubu,a,NA,a,NA,p,802,a,NA,10,3,0,0,0,0,0,0,30,2019,2020,2
campridge,2020,2021.04.12,i,469,a,h,a,m,p,rubu,a,NA,a,NA,a,NA,a,NA,10,2,0,0,0,0,0,0,20,2019,2020,2
campridge,2020,2021.04.12,i,470,p,l,a,p,p,rubu,a,NA,p,743,p,833,a,NA,10,1,0,0,0,0,0,1,10,2019,2020,2
campridge,2020,2021.04.12,i,471,p,l,a,m,m,rubu,a,NA,a,NA,a,NA,a,NA,10,0,0,1,0,1,0,0,20,2019,2020,2
campridge,2020,2021.04.12,i,472,p,m,a,l,p,rubu,a,NA,p,743,a,NA,a,NA,10,1,0,1,1,0,0,0,30,2019,2020,2
campridge,2020,2021.04.12,i,473,p,l,a,l,p,rubu,a,NA,p,743,a,NA,a,NA,10,2,0,1,0,1,0,0,40,2019,2020,2
campridge,2020,2021.04.12,i,474,l,l,a,l,p,rubu,p,905,a,NA,a,NA,a,NA,10,2,0,0,0,0,0,1,20,2019,2020,2
campridge,2020,2021.05.17,i,475,p,m,a,h,m,rubu,a,NA,m,743,p,833,a,NA,10,0,0,0,0,0,0,1,0,2019,2020,2
campridge,2020,2021.05.17,i,476,p,l,a,h,l,rubu,a,NA,l,743,a,NA,a,NA,10,0,0,0,0,0,0,0,0,2019,2020,2
campridge,2020,2021.05.17,i,477,a,l,a,l,p,rubu,a,NA,a,NA,p,833,a,NA,10,1,0,0,0,0,0,0,10,2019,2020,2
campridge,2020,2021.05.17,i,478,a,l,a,l,p,rubu,a,NA,a,NA,p,316,a,NA,10,0,0,1,0,0,0,1,10,2019,2020,2
campridge,2020,2021.05.17,i,479,a,l,a,l,p,rubu,a,NA,p,743,p,316,a,NA,10,0,0,1,0,0,0,1,10,2019,2020,2
campridge,2020,2021.05.17,i,480,a,l,a,l,p,rubu,a,NA,p,743,p,316,a,NA,10,0,0,1,0,0,0,0,10,2019,2020,2
campridge,2020,2021.05.17,i,481,a,l,p,l,p,rubu,a,NA,p,743,a,NA,a,NA,10,0,0,0,0,0,0,0,0,2019,2020,2
campridge,2020,2021.05.17,i,482,a,m,a,l,p,rubu,a,NA,p,531,a,NA,a,NA,10,0,0,1,0,0,0,0,10,2019,2020,2
campridge,2020,2021.05.17,i,483,a,m,a,l,p,rubu,a,NA,p,743,p,316,a,NA,10,0,0,2,0,0,0,0,20,2019,2020,2
campridge,2020,2021.05.17,i,484,a,m,a,l,p,rubu,a,NA,a,NA,p,802,a,NA,10,1,0,1,0,0,0,1,20,2019,2020,2
campridge,2020,2021.05.17,i,485,a,m,a,l,p,rubu,a,NA,p,743,a,NA,a,NA,10,0,0,0,0,0,0,1,0,2019,2020,2
campridge,2020,2021.05.17,i,486,a,m,a,l,p,rubu,a,NA,p,743,p,316,a,NA,10,0,0,1,0,0,0,0,10,2019,2020,2
campridge,2020,2021.05.17,i,487,a,l,p,p,p,rubu,a,NA,a,NA,a,NA,a,NA,10,0,0,1,1,0,0,1,20,2019,2020,2
campridge,2020,2021.05.17,i,488,p,l,a,p,p,rubu,a,NA,a,NA,p,318,a,NA,10,0,0,2,1,0,0,2,30,2019,2020,2
campridge,2020,2021.05.17,i,489,p,m,a,l,p,rubu,a,NA,p,743,a,NA,a,NA,10,0,0,0,0,0,0,2,0,2019,2020,2
campridge,2020,2021.06.28,i,490,a,m,a,h,m,rubu,p,905,a,NA,l,833,a,NA,10,3,0,0,0,0,0,2,30,2019,2020,2
campridge,2020,2021.06.28,i,491,a,l,p,m,m,rubu,a,NA,l,531,m,833,a,NA,10,1,0,0,0,0,0,2,10,2019,2020,2
campridge,2020,2021.06.28,i,492,a,l,a,m,m,rubu,a,NA,m,531,m,833,a,NA,10,1,1,2,0,0,0,3,40,2019,2020,2
campridge,2020,2021.06.28,i,493,a,m,p,h,m,rubu,a,NA,p,743,l,407,a,NA,10,2,0,0,1,0,0,2,30,2019,2020,2
campridge,2020,2021.06.28,i,494,a,m,p,l,m,rubu,a,NA,m,531,m,833,a,NA,10,3,0,0,0,0,0,2,30,2019,2020,2
campridge,2020,2021.06.28,i,495,a,h,a,m,m,rubu,a,NA,l,531,m,833,a,NA,10,2,0,1,0,0,0,2,30,2019,2020,2
campridge,2020,2021.06.28,i,496,m,m,a,h,l,rubu,a,NA,l,531,m,318,p,999,10,0,0,1,0,0,0,0,10,2019,2020,2
campridge,2020,2021.06.28,i,497,a,m,a,h,p,rubu,a,NA,l,743,m,318,a,NA,10,0,0,2,0,1,0,0,30,2019,2020,2
campridge,2020,2021.06.28,i,498,p,l,a,h,l,rubu,p,905,a,NA,l,318,p,999,10,0,0,1,0,0,0,3,10,2019,2020,2
campridge,2020,2021.06.28,i,499,a,l,p,m,m,rubu,a,NA,p,531,m,833,a,NA,10,3,0,0,0,0,0,1,30,2019,2020,2
campridge,2020,2021.06.28,i,500,a,l,p,m,m,rubu,a,NA,l,531,l,833,p,999,10,3,0,0,0,0,0,1,30,2019,2020,2
campridge,2020,2021.05.10,p,86,m,p,l,h,m,rubu,a,NA,a,NA,p,318,a,NA,10,0,0,1,0,0,0,3,10,2019,2020,2
campridge,2020,2021.06.29,p,447,l,p,a,h,p,rubu,a,NA,l,531,a,NA,a,NA,10,0,1,0,0,0,0,1,10,2019,2020,2
campridge,2020,2021.06.29,p,448,p,p,a,p,a,NA,a,NA,p,746,p,833,a,NA,10,1,0,0,0,0,0,0,10,2019,2020,2
campridge,2020,2021.05.17,p,459,l,p,p,h,h,rubu,l,905,a,NA,p,318,a,NA,10,0,0,1,0,0,0,1,10,2019,2020,2
campridge,2020,2021.05.17,p,460,l,p,a,h,h,rubu,p,905,p,316,a,NA,a,NA,10,0,0,0,0,0,0,2,0,2019,2020,2
campridge,2020,2021.05.17,p,461,m,p,p,h,h,rubu,a,NA,a,NA,p,318,a,NA,10,0,0,1,0,0,0,1,10,2019,2020,2
campridge,2020,2021.05.17,p,462,m,p,p,h,h,rubu,a,NA,p,746,a,NA,a,NA,10,0,0,0,0,0,0,1,0,2019,2020,2
campridge,2020,2021.05.17,p,463,m,p,p,h,m,rubu,a,NA,a,NA,a,NA,a,NA,10,0,0,0,0,0,0,1,0,2019,2020,2
campridge,2020,2021.05.17,p,464,h,p,a,h,h,rubu,p,905,a,NA,a,NA,a,NA,10,0,0,0,0,0,0,2,0,2019,2020,2
campridge,2020,2021.05.17,p,465,m,p,a,h,m,rubu,a,NA,a,NA,a,NA,a,NA,10,0,0,0,0,0,0,1,0,2019,2020,2
campridge,2020,2021.05.17,p,466,h,m,p,h,m,rubu,p,905,a,NA,a,NA,a,NA,10,1,0,0,0,0,0,0,10,2019,2020,2
circle,2020,2020.11.24,i,284,l,p,a,l,m,rubu,a,NA,p,743,a,NA,a,NA,10,0,0,0,0,0,0,1,0,2019,2020,2
circle,2020,2020.11.24,i,285,p,l,a,m,m,rubu,a,NA,p,531,a,NA,a,NA,10,0,0,0,0,0,0,0,0,2019,2020,2
circle,2020,2020.11.24,i,286,m,p,a,m,h,rubu,a,NA,a,NA,a,NA,a,NA,10,0,0,0,0,0,0,2,0,2019,2020,2
circle,2020,2020.11.24,i,287,l,p,a,h,m,rubu,a,NA,a,NA,a,NA,a,NA,10,0,0,0,0,0,0,1,0,2019,2020,2
circle,2020,2020.11.24,i,288,l,l,a,h,m,rubu,a,NA,p,743,a,NA,a,NA,10,0,0,0,0,0,0,3,0,2019,2020,2
circle,2020,2020.11.24,i,290,p,l,a,m,m,rubu,a,NA,a,NA,a,NA,a,NA,10,0,0,0,0,0,0,2,0,2019,2020,2
circle,2020,2020.11.24,i,291,p,p,a,m,m,rubu,a,NA,p,743,a,NA,a,NA,10,0,0,0,0,0,0,2,0,2019,2020,2
circle,2020,2020.11.24,i,292,p,p,a,m,m,rubu,a,NA,a,NA,a,NA,a,NA,10,0,0,0,0,0,0,1,0,2019,2020,2
circle,2020,2020.12.03,i,293,l,p,l,h,m,rubu,p,905,a,NA,a,NA,a,NA,10,0,0,1,0,0,0,1,10,2019,2020,2
circle,2020,2020.12.03,i,294,l,p,a,h,m,rubu,a,NA,a,NA,a,NA,p,999,10,0,0,0,4,0,0,1,40,2019,2020,2
circle,2020,2020.12.03,i,295,m,l,a,h,m,rubu,a,NA,p,701,a,NA,p,999,10,0,0,0,0,0,0,1,0,2019,2020,2
circle,2020,2020.12.03,i,296,m,l,a,h,m,rubu,a,NA,p,531,a,NA,a,NA,10,1,0,0,0,0,0,1,10,2019,2020,2
circle,2020,2020.12.03,i,297,m,l,a,h,m,rubu,a,NA,a,NA,a,NA,a,NA,10,0,0,1,0,0,0,1,10,2019,2020,2
circle,2020,2020.12.03,i,298,m,l,a,h,m,rubu,a,NA,p,761,a,NA,a,NA,10,1,0,0,0,0,0,1,10,2019,2020,2
circle,2020,2020.12.03,i,299,m,l,a,h,m,rubu,a,NA,p,761,a,NA,a,NA,10,0,0,1,0,0,0,2,10,2019,2020,2
circle,2020,2020.12.03,i,300,m,l,p,h,m,rubu,a,NA,p,316,a,NA,a,NA,10,0,0,2,0,0,0,2,20,2019,2020,2
circle,2020,2020.12.04,i,401,l,l,p,h,m,rubu,a,NA,p,961,a,NA,a,NA,10,0,0,0,0,0,0,0,0,2019,2020,2
circle,2020,2020.12.04,i,402,l,l,a,h,m,rubu,a,NA,p,701,a,NA,a,NA,10,0,0,0,0,0,0,1,0,2019,2020,2
circle,2020,2020.12.04,i,403,l,p,a,h,p,rubu,a,NA,p,701,a,NA,a,NA,10,0,0,0,0,0,0,2,0,2019,2020,2
circle,2020,2020.12.04,i,404,l,p,a,l,p,rubu,a,NA,p,743,a,NA,a,NA,10,0,0,0,0,0,0,2,0,2019,2020,2
circle,2020,2020.12.04,i,405,l,l,a,l,p,rubu,a,NA,p,743,a,NA,a,NA,10,0,0,0,0,0,0,2,0,2019,2020,2
circle,2020,2020.12.04,i,406,l,l,a,h,p,rubu,a,NA,l,701,a,NA,a,NA,10,0,0,0,0,0,0,1,0,2019,2020,2
circle,2020,2020.12.04,i,407,l,p,a,h,p,rubu,a,NA,p,701,a,NA,a,NA,10,0,0,0,0,0,0,1,0,2019,2020,2
circle,2020,2020.12.04,i,408,m,l,a,h,l,rubu,a,NA,p,701,a,NA,a,NA,10,1,0,0,0,0,0,1,10,2019,2020,2
decker,2020,2021.03.24,c,714,p,p,a,p,p,rubu,a,NA,a,NA,l,318,a,NA,10,0,0,5,0,0,1,1,60,2019,2020,2
decker,2020,2021.03.24,c,715,p,p,a,h,p,rubu,p,368,a,NA,l,318,a,NA,10,0,0,6,0,2,1,1,90,2019,2020,2
decker,2020,2021.03.24,c,716,l,p,a,h,l,rubu,a,NA,a,NA,l,318,a,NA,10,0,0,5,0,0,1,1,60,2019,2020,2
decker,2020,2021.03.24,c,717,p,l,a,h,p,rubu,a,NA,a,NA,l,318,a,NA,10,0,0,6,0,1,0,0,70,2019,2020,2
decker,2020,2021.03.24,c,718,p,l,p,h,p,rubu,a,NA,p,531,l,318,a,NA,10,0,0,7,0,0,0,0,70,2019,2020,2
decker,2020,2021.04.06,c,719,p,p,p,p,a,NA,p,635,p,531,h,318,a,NA,10,0,0,5,0,1,2,1,80,2019,2020,2
decker,2020,2021.04.06,c,720,p,p,a,m,p,rubu,p,635,p,391,h,318,a,NA,10,0,0,5,0,1,1,0,70,2019,2020,2
decker,2020,2021.04.06,c,721,p,p,a,h,p,rubu,l,905,a,NA,a,NA,a,NA,10,0,0,0,0,0,1,1,10,2019,2020,2
decker,2020,2021.04.06,c,722,l,l,a,l,l,rubu,p,905,a,NA,p,318,a,NA,10,0,0,4,0,0,0,0,40,2019,2020,2
decker,2020,2021.04.06,c,723,p,p,p,l,p,rubu,a,NA,p,531,p,318,a,NA,10,0,0,5,0,0,0,0,50,2019,2020,2
decker,2020,2021.04.06,c,724,p,p,p,p,p,rubu,a,NA,p,391,l,318,a,NA,10,0,0,5,0,1,0,0,60,2019,2020,2
decker,2020,2021.04.06,c,725,l,p,p,p,a,NA,a,NA,p,701,p,261,a,NA,10,0,0,2,0,1,1,0,40,2019,2020,2
decker,2020,2021.04.06,c,726,p,l,p,h,p,rubu,a,NA,p,701,p,318,a,NA,10,0,0,3,0,2,2,0,70,2019,2020,2
decker,2020,2021.04.06,c,727,p,h,p,p,p,rubu,a,NA,a,NA,p,762,a,NA,10,0,0,3,0,3,1,0,70,2019,2020,2
decker,2020,2021.04.06,c,728,h,p,p,l,p,rubu,a,NA,a,NA,p,261,a,NA,10,0,0,2,0,2,2,1,60,2019,2020,2
decker,2020,2021.03.19,i,210,p,p,l,l,p,rubu,p,905,a,NA,l,316,a,NA,10,0,0,3,0,0,0,1,30,2019,2020,2
decker,2020,2021.03.19,i,211,a,a,a,p,a,NA,a,NA,m,531,h,318,a,NA,10,2,3,6,0,4,0,0,150,2019,2020,2
decker,2020,2021.03.19,i,212,a,p,a,a,a,NA,a,NA,m,531,h,318,a,NA,10,0,2,5,0,3,0,0,100,2019,2020,2
decker,2020,2021.03.19,i,213,a,p,a,l,a,NA,a,NA,l,531,m,318,a,NA,10,0,2,4,0,0,0,0,60,2019,2020,2
decker,2020,2021.03.19,i,214,a,p,a,l,a,NA,a,NA,p,531,m,833,a,NA,10,3,0,5,0,0,0,0,80,2019,2020,2
decker,2020,2021.03.19,i,215,p,a,p,p,a,NA,a,NA,l,531,h,762,a,NA,10,0,0,4,0,5,0,1,90,2019,2020,2
decker,2020,2021.03.19,i,216,l,p,p,h,l,rubu,p,368,p,951,m,NA,a,NA,10,0,0,0,0,0,0,0,0,2019,2020,2
decker,2020,2021.03.19,i,217,p,p,p,l,a,NA,a,NA,p,762,m,318,a,NA,10,0,0,3,0,0,0,1,30,2019,2020,2
decker,2020,2021.03.19,i,218,p,l,a,h,p,rubu,a,NA,a,NA,m,318,a,NA,10,0,0,3,0,0,0,0,30,2019,2020,2
decker,2020,2021.03.19,i,219,p,p,l,p,a,NA,a,NA,p,531,m,318,a,NA,10,2,1,4,0,1,1,0,90,2019,2020,2
decker,2020,2021.03.23,i,220,p,p,p,m,p,rubu,p,905,p,701,m,318,a,NA,10,0,0,4,0,1,0,1,50,2019,2020,2
decker,2020,2021.03.23,i,221,p,l,a,p,p,rubu,a,NA,a,NA,h,261,a,NA,10,0,0,2,0,3,0,2,50,2019,2020,2
decker,2020,2021.03.23,i,222,p,l,p,m,p,rubu,a,NA,p,531,p,318,a,NA,10,0,1,3,0,0,0,0,40,2019,2020,2
decker,2020,2021.03.23,i,223,p,m,m,l,p,rubu,a,NA,p,531,p,318,a,NA,10,0,0,5,0,0,0,0,50,2019,2020,2
decker,2020,2021.03.23,i,224,m,l,p,l,p,rubu,a,NA,a,NA,m,318,a,NA,10,0,0,3,0,1,0,1,40,2019,2020,2
decker,2020,2021.03.23,i,225,l,p,m,h,p,rubu,p,635,a,NA,p,318,a,NA,10,0,0,2,0,1,0,0,30,2019,2020,2
decker,2020,2021.03.23,i,226,l,p,p,p,p,rubu,a,NA,p,531,p,318,p,999,10,0,0,5,0,0,0,1,50,2019,2020,2
decker,2020,2021.03.23,i,227,a,p,p,m,a,NA,a,NA,p,531,p,318,a,NA,10,0,0,6,0,1,0,0,70,2019,2020,2
decker,2020,2021.03.19,i,228,l,l,a,m,p,rubu,a,NA,p,701,m,318,a,NA,10,0,0,5,0,1,0,0,60,2019,2020,2
decker,2020,2021.03.19,i,229,a,p,a,a,a,NA,a,NA,m,531,h,318,a,NA,10,0,4,7,0,0,0,0,110,2019,2020,2
decker,2020,2021.03.19,i,230,p,p,p,p,a,NA,a,NA,p,701,h,318,a,NA,10,2,0,9,0,0,0,1,110,2019,2020,2
decker,2020,2021.03.19,i,231,p,l,l,l,l,rubu,a,NA,a,NA,m,318,a,NA,10,0,0,6,0,0,0,2,60,2019,2020,2
decker,2020,2021.03.19,i,232,p,l,a,p,a,NA,a,NA,p,531,m,318,a,NA,10,4,0,1,0,0,0,0,50,2019,2020,2
decker,2020,2021.03.19,i,233,p,p,p,p,l,rubu,p,905,a,NA,m,318,a,NA,10,0,0,6,0,0,0,3,60,2019,2020,2
decker,2020,2021.03.19,i,234,p,p,p,l,a,NA,a,NA,p,531,m,316,a,NA,10,0,1,5,0,1,0,1,70,2019,2020,2
decker,2020,2021.03.19,i,235,p,p,l,l,p,rubu,a,NA,a,NA,m,318,a,NA,10,0,0,6,0,1,0,0,70,2019,2020,2
decker,2020,2021.03.23,i,236,l,p,p,h,p,rubu,a,NA,a,NA,m,318,a,NA,10,0,0,8,0,0,0,2,80,2019,2020,2
decker,2020,2021.03.23,i,237,p,l,p,m,p,rubu,p,535,p,761,m,318,a,NA,10,0,0,5,0,0,0,3,50,2019,2020,2
decker,2020,2021.03.23,i,238,l,p,p,l,p,rubu,a,NA,p,951,m,318,a,NA,10,0,0,5,0,1,1,1,70,2019,2020,2
decker,2020,2021.03.23,i,239,p,h,p,p,a,NA,a,NA,a,NA,l,318,a,NA,10,0,0,3,1,0,0,1,40,2019,2020,2
decker,2020,2021.03.23,i,240,l,l,p,l,p,rubu,a,NA,p,951,m,318,a,NA,10,0,0,3,0,1,0,0,40,2019,2020,2
decker,2020,2021.03.19,i,241,p,l,p,p,p,rubu,p,905,a,NA,p,318,a,NA,10,1,0,5,0,1,0,1,70,2019,2020,2
decker,2020,2021.03.23,i,242,p,l,p,m,m,rubu,a,NA,p,372,m,318,a,NA,10,0,0,7,0,0,0,0,70,2019,2020,2
decker,2020,2021.03.23,i,243,a,l,p,h,h,rubu,a,NA,p,761,p,318,a,NA,10,0,0,4,0,0,0,0,40,2019,2020,2
decker,2020,2021.03.23,i,244,p,p,p,p,p,rubu,a,NA,p,315,p,318,a,NA,10,0,0,3,0,0,0,0,30,2019,2020,2
decker,2020,2021.03.23,i,245,p,p,p,p,a,NA,a,NA,h,531,m,316,a,NA,10,0,1,2,2,2,0,0,70,2019,2020,2
decker,2020,2021.03.23,i,246,p,p,p,p,p,rubu,p,635,a,NA,p,318,a,NA,10,0,0,4,0,0,1,1,50,2019,2020,2
gas_line,2020,2021.05.27,c,729,m,m,p,h,m,rubu,a,NA,p,746,l,833,p,999,10,3,0,0,0,0,0,1,30,2017,2020,4
gas_line,2020,2021.05.27,c,730,l,m,m,m,l,rubu,a,NA,p,316,m,833,a,NA,10,2,0,0,0,0,1,1,30,2017,2020,4
gas_line,2020,2021.05.27,c,731,p,m,p,l,h,rubu,a,NA,p,316,l,833,a,NA,10,2,0,0,0,0,0,1,20,2017,2020,4
gas_line,2020,2021.05.27,c,732,l,h,p,p,h,rubu,a,NA,m,316,p,833,a,NA,10,1,0,0,0,0,0,1,10,2017,2020,4
gas_line,2020,2021.05.27,c,733,a,m,l,m,m,rubu,a,NA,m,316,l,833,a,NA,10,2,0,0,0,0,0,2,20,2017,2020,4
gas_line,2020,2021.05.27,c,734,a,l,l,h,l,rubu,a,NA,p,355,h,833,a,NA,10,4,0,0,0,0,0,2,40,2017,2020,4
gas_line,2020,2021.05.27,c,735,p,l,p,m,l,rubu,a,NA,m,746,m,833,p,conv,10,3,0,0,0,0,0,1,30,2017,2020,4
gas_line,2020,2021.05.27,c,736,m,l,p,h,m,rubu,a,NA,l,316,p,833,a,NA,10,2,0,0,0,0,0,1,20,2017,2020,4
gas_line,2020,2021.05.27,c,737,a,m,a,h,l,rubu,a,NA,m,316,m,833,a,NA,10,3,0,0,0,0,0,1,30,2017,2020,4
gas_line,2020,2021.05.25,c,738,p,m,a,m,l,rubu,a,NA,l,833,h,833,a,NA,10,4,0,0,0,0,1,2,50,2017,2020,4
gas_line,2020,2021.05.25,c,739,l,l,m,l,m,rubu,a,NA,m,315,l,833,a,NA,10,5,0,0,0,0,0,2,50,2017,2020,4
gas_line,2020,2021.05.25,c,740,a,m,a,l,m,rubu,a,NA,p,355,m,833,a,NA,10,3,0,0,0,0,0,1,30,2017,2020,4
gas_line,2020,2021.05.25,c,741,a,p,p,m,m,rubu,a,NA,p,316,h,833,a,NA,10,4,0,0,0,0,0,1,40,2017,2020,4
gas_line,2020,2021.05.25,c,742,a,l,p,p,l,rubu,a,NA,p,316,h,833,a,NA,10,5,0,0,0,0,0,1,50,2017,2020,4
gas_line,2020,2021.05.25,c,743,l,m,p,l,m,rubu,a,NA,p,531,m,833,a,NA,10,2,0,0,0,1,0,1,30,2017,2020,4
gas_line,2020,2021.05.25,c,744,l,m,p,m,m,rubu,a,NA,p,372,l,833,p,999,10,3,0,0,0,0,0,1,30,2017,2020,4
gas_line,2020,2021.05.25,c,745,p,l,p,m,m,rubu,a,NA,p,701,l,531,a,NA,10,2,0,0,0,0,0,1,20,2017,2020,4
gas_line,2020,2021.04.09,i,836,p,l,a,h,m,rubu,a,NA,l,701,p,833,a,NA,10,2,0,0,0,0,0,1,20,2017,2020,4
gas_line,2020,2021.04.09,i,837,a,l,a,h,h,rubu,a,NA,h,746,a,NA,a,NA,10,0,0,0,0,0,0,0,0,2017,2020,4
gas_line,2020,2021.04.06,i,838,p,m,p,h,m,rubu,a,NA,l,372,a,NA,a,NA,10,0,0,0,0,0,0,0,0,2017,2020,4
gas_line,2020,2021.04.06,i,839,a,m,p,h,m,rubu,a,NA,p,746,a,NA,a,NA,10,0,0,0,0,0,0,1,0,2017,2020,4
gas_line,2020,2021.05.12,i,840,p,h,a,h,m,rubu,a,NA,m,743,p,833,a,NA,10,1,0,0,0,0,0,1,10,2017,2020,4
gas_line,2020,2021.05.12,i,841,p,l,m,h,h,rubu,a,NA,m,761,p,318,a,NA,10,1,0,2,0,0,0,0,30,2017,2020,4
gas_line,2020,2021.05.12,i,842,a,p,a,h,h,rubu,a,NA,m,763,a,NA,a,NA,10,0,0,0,0,0,0,1,0,2017,2020,4
gas_line,2020,2021.04.09,i,843,p,m,p,h,h,rubu,a,NA,h,761,a,NA,a,NA,10,0,0,0,0,1,0,0,10,2017,2020,4
gas_line,2020,2021.04.09,i,844,p,m,p,h,h,rubu,a,NA,l,866,a,NA,a,NA,10,0,0,0,0,0,0,0,0,2017,2020,4
gas_line,2020,2021.05.12,i,845,p,l,p,h,h,rubu,a,NA,p,316,a,NA,p,999,10,0,0,0,0,0,0,1,0,2017,2020,4
gas_line,2020,2021.05.12,i,846,p,p,p,h,h,rubu,a,NA,p,318,a,NA,a,NA,10,0,0,0,0,0,0,0,0,2017,2020,4
gas_line,2020,2021.05.12,i,847,a,l,a,p,l,rubu,a,NA,p,541,a,NA,p,buck,10,0,0,0,0,0,0,1,0,2017,2020,4
gas_line,2020,2021.05.12,i,848,m,p,p,h,h,rubu,a,NA,l,746,a,NA,a,NA,10,0,0,0,0,0,0,1,0,2017,2020,4
gas_line,2020,2021.05.19,i,849,a,m,a,l,m,rubu,a,NA,p,761,a,NA,p,buck,10,0,0,1,0,0,0,1,10,2017,2020,4
gas_line,2020,2021.05.19,i,850,a,p,m,h,m,rubu,a,NA,p,372,p,833,p,999,10,1,0,0,0,0,0,1,10,2017,2020,4
gas_line,2020,2021.05.14,i,851,a,p,p,h,m,rubu,a,NA,l,541,l,318,p,buck,10,0,0,2,0,0,0,1,20,2017,2020,4
gas_line,2020,2021.05.12,i,852,p,p,l,h,h,rubu,a,NA,p,951,a,NA,p,999,10,0,0,0,0,0,0,1,0,2017,2020,4
gas_line,2020,2021.05.14,i,853,p,l,l,h,h,rubu,a,NA,l,318,a,NA,l,buck,10,0,0,0,0,0,0,1,0,2017,2020,4
gas_line,2020,2021.05.14,i,854,p,p,a,h,h,rubu,a,NA,m,761,a,NA,l,buck,10,0,0,0,0,0,0,1,0,2017,2020,4
gas_line,2020,2021.05.14,i,855,p,p,h,m,m,rubu,p,635,a,NA,p,318,l,buck,10,0,0,1,0,0,0,1,10,2017,2020,4
gas_line,2020,2021.05.24,i,856,m,m,l,m,m,rubu,a,NA,l,866,l,318,l,buck,10,0,0,1,0,0,0,2,10,2017,2020,4
gas_line,2020,2021.05.24,i,857,a,p,h,p,m,rubu,a,NA,l,951,a,NA,m,buck,10,0,0,1,0,0,0,1,10,2017,2020,4
gas_line,2020,2021.05.19,i,858,a,p,m,h,m,rubu,a,NA,m,743,p,318,l,buck,10,0,0,2,0,0,0,1,20,2017,2020,4
gas_line,2020,2021.05.19,i,859,p,l,p,h,h,rubu,a,NA,m,761,a,NA,l,buck,10,0,0,0,0,0,0,1,0,2017,2020,4
gas_line,2020,2021.05.19,i,860,p,p,p,h,m,rubu,a,NA,m,743,p,318,a,NA,10,0,0,1,0,0,0,1,10,2017,2020,4
gas_line,2020,2021.05.24,i,861,a,m,l,l,h,rubu,a,NA,m,743,p,318,a,NA,10,0,0,1,0,0,0,1,10,2017,2020,4
gas_line,2020,2021.05.24,i,862,p,h,l,l,h,rubu,a,NA,l,541,a,NA,a,NA,10,0,0,0,0,0,0,0,0,2017,2020,4
gas_line,2020,2021.05.20,i,863,p,l,l,m,h,rubu,a,NA,l,372,a,NA,a,NA,10,0,0,0,0,0,0,4,0,2017,2020,4
gas_line,2020,2021.05.14,i,865,a,p,a,h,l,rubu,a,NA,a,NA,p,318,l,buck,10,0,0,1,0,0,0,2,10,2017,2020,4
gas_line,2020,2021.05.20,i,867,l,p,m,l,m,rubu,a,NA,l,372,a,NA,a,NA,10,0,0,0,0,0,0,2,0,2017,2020,4
gas_line,2020,2021.05.24,i,868,p,l,m,m,h,rubu,a,NA,p,318,a,NA,a,NA,10,0,0,0,0,0,0,0,0,2017,2020,4
gas_line,2020,2021.05.24,i,869,a,p,m,m,m,rubu,a,NA,p,833,p,531,p,999,10,0,0,0,0,0,0,1,0,2017,2020,4
gas_line,2020,2021.05.24,i,870,l,m,m,l,h,rubu,a,NA,m,743,a,NA,a,NA,10,0,0,0,0,0,0,0,0,2017,2020,4
gas_line,2020,2021.05.24,i,871,a,l,p,l,m,rubu,a,NA,h,743,l,318,a,NA,10,0,0,1,0,0,0,1,10,2017,2020,4
gas_line,2020,2021.05.24,i,872,p,m,h,l,h,rubu,a,NA,m,761,a,NA,a,NA,10,0,0,0,0,0,0,1,0,2017,2020,4
gas_line,2020,2021.05.20,i,873,l,l,l,m,h,rubu,a,NA,p,866,p,318,a,NA,10,0,0,1,0,0,0,1,10,2017,2020,4
gas_line,2020,2021.05.20,i,874,a,m,l,h,m,rubu,p,dilo,p,866,a,NA,a,NA,10,0,0,1,0,0,0,0,10,2017,2020,4
gas_line,2020,2021.05.07,i,875,p,p,l,m,m,rubu,a,NA,p,761,l,318,p,999,10,1,0,1,0,1,0,2,30,2017,2020,4
gas_line,2020,2021.05.20,i,876,p,p,m,m,m,rubu,a,NA,a,NA,a,NA,a,NA,10,0,0,0,0,0,0,1,0,2017,2020,4
gas_line,2020,2021.05.24,i,877,l,l,m,l,m,dilo,a,NA,l,761,m,318,a,NA,10,1,0,1,0,0,0,2,20,2017,2020,4
gas_line,2020,2021.05.24,i,878,a,m,l,m,l,rubu,a,NA,m,541,a,NA,m,buck,10,1,0,0,0,0,0,1,10,2017,2020,4
gas_line,2020,2021.05.19,i,879,p,p,a,h,h,rubu,a,NA,p,743,p,833,a,NA,10,2,0,0,0,0,0,1,20,2017,2020,4
gas_line,2020,2021.04.09,p,801,p,p,m,h,h,rubu,a,NA,l,318,a,NA,a,NA,10,0,0,0,0,0,0,2,0,2017,2020,4
gas_line,2020,2021.04.09,p,802,p,m,p,h,h,rubu,a,NA,m,746,a,NA,a,NA,10,0,0,0,0,0,0,0,0,2017,2020,4
gas_line,2020,2021.04.09,p,803,p,l,p,h,h,rubu,a,NA,p,318,a,NA,a,NA,10,0,0,0,0,0,0,0,0,2017,2020,4
gas_line,2020,2021.05.14,p,804,p,p,l,h,m,rubu,p,905,l,761,a,NA,p,999,10,0,0,0,0,0,0,1,0,2017,2020,4
gas_line,2020,2021.05.14,p,805,p,p,p,h,h,rubu,a,NA,p,866,a,NA,a,NA,10,0,0,0,0,0,0,1,0,2017,2020,4
gas_line,2020,2021.05.14,p,806,p,p,l,h,h,rubu,a,NA,m,761,a,NA,l,999,10,0,0,0,0,0,0,2,0,2017,2020,4
gas_line,2020,2021.05.14,p,807,l,p,l,m,h,rubu,a,NA,m,761,a,NA,p,999,10,0,0,0,0,0,0,2,0,2017,2020,4
gas_line,2020,2021.05.14,p,808,a,p,p,l,l,rubu,p,635,m,372,l,318,a,NA,10,0,0,1,0,0,0,1,10,2017,2020,4
gas_line,2020,2021.05.14,p,809,a,p,a,m,h,rhus,a,NA,m,761,p,318,a,NA,10,0,0,2,0,0,0,1,20,2017,2020,4
gas_line,2020,2021.05.07,p,810,a,p,a,p,p,rubu,a,NA,m,531,p,372,a,NA,10,1,1,0,0,1,1,1,40,2017,2020,4
gas_line,2020,2021.05.07,p,811,p,p,a,p,p,rubu,a,NA,h,372,a,NA,a,NA,10,1,0,0,0,0,0,1,10,2017,2020,4
gas_line,2020,2021.05.07,p,812,a,l,p,m,m,rubu,a,NA,m,743,a,NA,a,NA,10,0,0,0,0,0,0,1,0,2017,2020,4
gas_line,2020,2021.05.07,p,813,p,p,l,m,h,rubu,p,635,l,761,l,541,a,NA,10,0,0,0,0,1,0,1,10,2017,2020,4
gas_line,2020,2021.05.20,p,814,m,p,p,l,h,rubu,a,NA,l,866,a,NA,a,NA,10,1,0,1,0,0,0,1,20,2017,2020,4
gas_line,2020,2021.05.24,p,815,l,p,h,l,h,rubu,a,NA,m,761,a,NA,p,999,10,0,0,0,0,0,0,2,0,2017,2020,4
gas_line,2020,2021.05.20,p,816,p,p,p,l,h,dilo,a,NA,m,761,a,NA,a,NA,10,0,0,0,0,0,0,2,0,2017,2020,4
gas_line,2020,2021.05.20,p,817,a,p,l,m,m,rubu,a,NA,m,743,p,833,p,999,10,3,0,0,0,0,0,2,30,2017,2020,4
gas_line,2020,2021.05.20,p,818,a,p,a,l,m,rubu,a,NA,h,761,a,NA,a,NA,10,1,0,0,0,1,0,0,20,2017,2020,4
gas_line,2020,2021.05.20,p,819,a,l,a,p,l,rubu,a,NA,m,761,p,833,a,NA,10,1,0,0,0,0,0,1,10,2017,2020,4
gas_line,2020,2021.05.20,p,820,a,p,a,m,m,rubu,a,NA,m,743,p,318,a,NA,10,1,0,1,0,0,0,1,20,2017,2020,4
gas_line,2020,2021.05.19,p,821,p,p,p,h,m,rubu,a,NA,p,371,p,833,l,buck,10,2,0,0,0,0,0,1,20,2017,2020,4
gas_line,2020,2021.05.19,p,822,m,p,a,h,m,rubu,a,NA,l,371,p,120,a,NA,10,2,0,0,0,0,0,2,20,2017,2020,4
gas_line,2020,2021.05.19,p,823,h,p,p,h,m,rubu,a,NA,h,743,a,NA,a,NA,10,0,0,0,0,0,0,1,0,2017,2020,4
gas_line,2020,2021.05.19,p,824,p,p,p,h,h,rubu,a,NA,h,761,a,NA,a,NA,10,0,0,0,0,0,0,1,0,2017,2020,4
gas_line,2020,2021.05.19,p,825,m,p,a,h,h,rubu,a,NA,m,761,p,833,a,NA,10,1,0,0,0,0,0,0,10,2017,2020,4
gas_line,2020,2021.05.19,p,826,m,p,p,h,h,rubu,a,NA,p,372,a,NA,a,NA,10,0,0,0,0,0,0,1,0,2017,2020,4
gas_line,2020,2021.05.12,p,827,p,p,a,h,h,rubu,a,NA,h,746,a,NA,a,NA,10,0,0,0,0,0,0,1,0,2017,2020,4
gas_line,2020,2021.05.12,p,828,p,p,a,h,h,rubu,a,NA,m,746,a,NA,a,NA,10,0,0,0,0,0,0,2,0,2017,2020,4
gas_line,2020,2021.04.06,p,829,a,p,a,h,h,rubu,a,NA,p,746,a,NA,a,NA,10,0,0,0,0,0,0,1,0,2017,2020,4
gas_line,2020,2021.04.06,p,830,a,l,a,h,h,rubu,a,NA,p,746,p,833,a,NA,10,3,0,0,0,0,0,1,30,2017,2020,4
gas_line,2020,2021.04.06,p,831,p,h,a,h,h,rubu,a,NA,p,746,a,NA,a,NA,10,0,0,0,0,0,0,3,0,2017,2020,4
gas_line,2020,2021.04.06,p,832,l,p,a,h,l,rubu,a,NA,p,316,a,NA,a,NA,10,0,0,0,0,0,0,0,0,2017,2020,4
gas_line,2020,2021.04.06,p,833,p,p,a,h,h,rubu,p,635,p,746,a,NA,a,NA,10,0,0,0,0,0,0,0,0,2017,2020,4
gas_line,2020,2021.04.06,p,834,m,p,a,h,p,rubu,p,635,p,746,a,NA,p,999,10,0,0,0,0,0,0,0,0,2017,2020,4
gas_line,2020,2021.04.06,p,835,p,p,a,h,m,rubu,a,NA,p,833,a,NA,a,NA,10,0,0,1,0,1,0,1,20,2017,2020,4
recknagel,2020,2020.12.04,c,409,m,h,a,l,p,rubu,a,NA,a,NA,m,318,a,NA,10,1,0,3,0,0,0,0,40,2019,2020,2
recknagel,2020,2020.12.04,c,410,l,m,a,m,a,NA,a,NA,a,NA,m,318,a,NA,10,1,0,5,0,1,0,0,70,2019,2020,2
recknagel,2020,2020.12.04,c,411,m,h,a,m,p,rubu,a,NA,a,NA,m,318,a,NA,10,1,0,4,0,0,0,1,50,2019,2020,2
recknagel,2020,2020.12.04,c,412,m,m,a,m,p,rubu,a,NA,a,NA,m,833,a,NA,10,2,0,2,0,1,0,1,50,2019,2020,2
recknagel,2020,2020.12.04,c,413,m,m,a,m,p,rubu,a,NA,a,NA,l,833,a,NA,10,3,0,3,0,0,0,1,60,2019,2020,2
recknagel,2020,2020.12.04,c,414,m,m,a,m,p,rubu,a,NA,a,NA,m,318,a,NA,10,2,0,1,0,0,0,0,30,2019,2020,2
recknagel,2020,2020.12.04,c,415,m,m,a,m,p,rubu,a,NA,a,NA,m,318,a,NA,10,1,0,3,0,2,0,1,60,2019,2020,2
recknagel,2020,2020.12.04,c,416,m,m,a,m,p,rubu,a,NA,a,NA,l,762,a,NA,10,1,0,3,0,1,0,1,50,2019,2020,2
recknagel,2020,2020.12.08,c,417,l,m,p,m,p,rubu,a,NA,a,NA,p,318,a,NA,10,1,0,0,0,1,0,1,20,2019,2020,2
recknagel,2020,2020.12.08,c,418,l,m,p,h,p,rubu,a,NA,a,NA,p,318,a,NA,10,3,0,2,0,0,0,2,50,2019,2020,2
recknagel,2020,2020.12.08,c,419,l,h,l,h,p,rubu,a,NA,a,NA,p,833,a,NA,10,3,0,1,0,0,0,2,40,2019,2020,2
recknagel,2020,2020.12.08,c,420,l,m,p,h,p,rubu,a,NA,a,NA,p,318,a,NA,10,0,0,1,0,2,0,2,30,2019,2020,2
recknagel,2020,2020.12.08,c,421,m,l,p,h,p,rubu,a,NA,p,372,p,318,a,NA,10,0,0,2,0,1,0,1,30,2019,2020,2
recknagel,2020,2020.12.08,c,422,m,l,p,h,p,rubu,a,NA,a,NA,p,951,a,NA,10,1,0,1,0,1,0,1,30,2019,2020,2
recknagel,2020,2020.12.08,c,423,p,m,p,m,p,rubu,p,368,a,NA,p,318,a,NA,10,3,0,3,0,0,0,0,60,2019,2020,2
recknagel,2020,2020.12.08,c,424,p,l,m,m,p,rubu,p,905,a,NA,p,318,a,NA,10,2,0,4,0,0,0,2,60,2019,2020,2
recknagel,2020,2020.12.10,c,425,l,m,p,h,p,rubu,a,NA,a,NA,p,318,a,NA,10,3,0,3,0,0,0,1,60,2019,2020,2
recknagel,2020,2020.12.10,c,426,p,m,p,h,p,rubu,a,NA,a,NA,l,407,a,NA,10,3,0,2,0,1,0,0,60,2019,2020,2
recknagel,2020,2020.12.10,c,427,p,m,p,h,p,rubu,a,NA,a,NA,l,833,a,NA,10,4,0,2,0,1,0,1,70,2019,2020,2
recknagel,2020,2020.12.10,c,428,l,m,p,h,p,rubu,a,NA,p,701,p,318,a,NA,10,5,0,1,0,0,0,1,60,2019,2020,2
recknagel,2020,2020.12.10,c,429,p,m,p,m,p,rubu,a,NA,a,NA,p,318,a,NA,10,3,0,3,0,1,0,0,70,2019,2020,2
recknagel,2020,2020.12.10,c,430,p,m,p,m,p,rubu,a,NA,a,NA,p,318,a,NA,10,1,0,4,0,1,0,2,60,2019,2020,2
recknagel,2020,2020.12.10,c,431,m,m,a,p,p,rubu,a,NA,a,NA,p,318,a,NA,10,2,1,3,0,0,0,1,60,2019,2020,2
recknagel,2020,2020.12.10,c,432,p,m,a,l,a,NA,a,NA,a,NA,p,407,a,NA,10,4,0,2,0,0,0,1,60,2019,2020,2
recknagel,2020,2020.12.04,c,433,m,h,p,m,p,rubu,p,905,a,NA,l,407,a,NA,10,2,0,1,0,0,0,1,30,2019,2020,2
recknagel,2020,2020.12.04,c,434,m,h,p,h,p,rubu,p,905,a,NA,l,318,a,NA,10,0,0,2,0,0,0,0,20,2019,2020,2
recknagel,2020,2020.12.04,c,435,m,m,p,m,p,rubu,a,NA,a,NA,l,318,a,NA,10,0,0,4,0,1,0,0,50,2019,2020,2
recknagel,2020,2020.12.04,c,436,p,l,p,m,p,rubu,a,NA,a,NA,l,407,a,NA,10,1,0,3,0,1,0,0,50,2019,2020,2
recknagel,2020,2020.12.04,c,437,m,m,p,m,p,rubu,a,NA,a,NA,l,318,a,NA,10,3,0,1,0,0,0,1,40,2019,2020,2
recknagel,2020,2020.12.04,c,438,m,m,p,l,p,rubu,a,NA,a,NA,p,318,a,NA,10,2,0,3,0,0,0,1,50,2019,2020,2
recknagel,2020,2020.12.04,c,439,p,m,p,m,p,rubu,a,NA,a,NA,l,951,a,NA,10,0,0,3,0,2,0,1,50,2019,2020,2
recknagel,2020,2020.12.04,c,440,p,l,p,h,p,rubu,a,NA,a,NA,l,318,a,NA,10,0,0,4,0,0,0,1,40,2019,2020,2
recknagel,2020,2020.12.14,i,153,p,p,p,l,p,rubu,a,NA,p,701,p,833,a,NA,10,7,0,1,0,0,0,2,80,2019,2020,2
recknagel,2020,2020.12.14,i,154,m,l,a,h,p,rubu,a,NA,a,NA,p,833,a,NA,10,2,0,0,0,1,0,1,30,2019,2020,2
recknagel,2020,2020.12.14,i,155,a,p,a,m,m,rubu,a,NA,a,NA,p,318,a,NA,10,1,0,0,0,0,1,1,20,2019,2020,2
recknagel,2020,2020.12.14,i,156,p,p,a,m,h,rubu,a,NA,a,NA,a,NA,p,999,10,0,0,0,0,0,0,2,0,2019,2020,2
recknagel,2020,2020.12.11,i,157,m,l,a,l,m,rubu,a,NA,a,NA,p,318,a,NA,10,0,0,0,0,1,0,2,10,2019,2020,2
recknagel,2020,2020.12.11,i,158,a,l,a,l,m,rubu,a,NA,a,NA,p,833,a,NA,10,3,0,0,0,0,0,2,30,2019,2020,2
recknagel,2020,2020.12.14,i,159,p,l,a,l,p,rubu,a,NA,a,NA,l,833,a,NA,10,6,0,0,0,0,0,4,60,2019,2020,2
recknagel,2020,2020.12.14,i,160,p,m,a,p,p,rubu,a,NA,a,NA,p,830,a,NA,10,4,0,0,0,0,0,2,40,2019,2020,2
recknagel,2020,2020.12.14,i,161,p,l,p,m,l,rubu,a,NA,a,NA,a,NA,a,NA,10,4,0,0,0,0,0,3,40,2019,2020,2
recknagel,2020,2020.12.14,i,162,a,m,a,m,h,rubu,a,NA,a,NA,a,NA,a,NA,10,0,0,1,0,0,0,0,10,2019,2020,2
recknagel,2020,2020.12.11,i,163,p,l,a,l,p,rubu,a,NA,a,NA,l,318,a,NA,10,0,0,1,0,0,0,2,10,2019,2020,2
recknagel,2020,2020.12.11,i,164,a,l,a,a,p,rubu,a,NA,a,NA,p,833,a,NA,10,6,0,0,0,0,0,3,60,2019,2020,2
recknagel,2020,2020.12.14,i,165,p,l,p,l,m,rubu,a,NA,p,743,a,NA,l,999,10,1,0,1,0,0,0,1,20,2019,2020,2
recknagel,2020,2020.12.14,i,166,m,m,p,l,m,rubu,a,NA,a,NA,p,833,a,NA,10,3,0,0,0,0,0,2,30,2019,2020,2
recknagel,2020,2020.12.14,i,167,l,p,p,h,h,rubu,a,NA,a,NA,p,407,a,NA,10,2,0,0,0,0,0,1,20,2019,2020,2
recknagel,2020,2020.12.14,i,168,p,p,l,l,h,rubu,a,NA,a,NA,a,NA,a,NA,10,1,0,0,0,1,0,1,20,2019,2020,2
recknagel,2020,2020.12.11,i,169,p,l,a,m,m,rubu,a,NA,a,NA,p,833,a,NA,10,1,0,0,0,0,0,3,10,2019,2020,2
recknagel,2020,2020.12.11,i,170,a,l,p,m,m,rubu,a,NA,a,NA,p,833,a,NA,10,1,0,0,0,0,0,2,10,2019,2020,2
recknagel,2020,2020.12.11,i,171,a,l,p,m,p,rubu,a,NA,a,NA,p,318,a,NA,10,1,2,0,0,1,0,1,40,2019,2020,2
recknagel,2020,2020.12.11,i,172,a,p,a,m,p,rubu,a,NA,a,NA,p,833,a,NA,10,8,0,0,0,1,0,1,90,2019,2020,2
recknagel,2020,2020.12.14,p,135,p,m,a,m,l,rubu,a,NA,p,531,p,316,a,NA,10,3,0,2,0,0,0,1,50,2019,2020,2
recknagel,2020,2020.12.14,p,136,a,p,p,m,m,rubu,a,NA,a,NA,a,NA,a,NA,10,1,0,0,0,0,0,2,10,2019,2020,2
recknagel,2020,2020.12.14,p,137,a,p,a,a,p,rubu,a,NA,p,531,p,833,a,NA,10,3,0,0,0,0,0,2,30,2019,2020,2
recknagel,2020,2020.12.14,p,138,a,p,p,l,h,rubu,a,NA,p,318,a,NA,a,NA,10,0,0,2,0,0,0,2,20,2019,2020,2
recknagel,2020,2020.12.11,p,139,p,p,p,l,m,rubu,a,NA,a,NA,p,833,p,999,10,3,0,0,0,0,0,2,30,2019,2020,2
recknagel,2020,2020.12.11,p,140,p,p,a,m,m,rubu,a,NA,a,NA,p,833,p,999,10,3,0,0,0,0,0,4,30,2019,2020,2
recknagel,2020,2020.12.11,p,141,p,p,a,m,m,rubu,a,NA,a,NA,l,833,a,NA,10,4,0,0,0,0,0,4,40,2019,2020,2
recknagel,2020,2020.12.11,p,142,l,p,p,m,m,rubu,a,NA,a,NA,l,833,a,NA,10,4,0,1,0,0,0,3,50,2019,2020,2
recknagel,2020,2020.12.11,p,143,p,p,a,l,p,rubu,a,NA,a,NA,p,318,a,NA,10,2,0,2,0,0,0,1,40,2019,2020,2
recknagel,2020,2020.12.11,p,144,p,p,a,m,p,rubu,a,NA,a,NA,p,833,a,NA,10,4,0,0,0,0,0,1,40,2019,2020,2
recknagel,2020,2020.12.11,p,145,p,p,p,m,p,rubu,p,635,a,NA,p,951,a,NA,10,2,0,2,0,2,0,2,60,2019,2020,2
recknagel,2020,2020.12.14,p,146,p,p,p,h,p,rubu,a,NA,p,762,a,NA,a,NA,10,2,0,0,0,0,0,2,20,2019,2020,2
recknagel,2020,2020.12.14,p,147,a,p,a,h,p,rubu,a,NA,a,NA,p,833,a,NA,10,3,0,0,0,0,0,2,30,2019,2020,2
recknagel,2020,2020.12.14,p,148,p,p,a,l,m,rubu,a,NA,a,NA,p,318,a,NA,10,1,0,3,0,0,0,1,40,2019,2020,2
recknagel,2020,2020.12.14,p,149,m,l,a,l,l,rubu,a,NA,a,NA,p,833,a,NA,10,2,0,1,0,0,0,2,30,2019,2020,2
recknagel,2020,2020.12.14,p,150,p,l,a,l,l,rubu,a,NA,a,NA,p,316,a,NA,10,2,0,1,0,1,0,2,40,2019,2020,2
recknagel,2020,2020.12.14,p,151,l,p,a,p,a,NA,a,NA,a,NA,p,833,a,NA,10,4,0,0,0,0,0,1,40,2019,2020,2
recknagel,2020,2020.12.14,p,152,a,p,a,m,h,rubu,a,NA,a,NA,a,NA,a,NA,10,2,0,0,0,0,0,2,20,2019,2020,2
red_pine,2020,2021.06.08,c,746,l,l,m,h,m,rubu,a,NA,p,316,l,832,a,NA,10,5,0,1,0,0,0,2,60,2017,2020,4
red_pine,2020,2021.06.08,c,747,p,a,m,h,h,rubu,a,NA,p,701,a,NA,p,999,10,3,0,0,0,0,0,3,30,2017,2020,4
red_pine,2020,2021.06.08,c,748,p,a,m,h,m,rubu,a,NA,a,NA,a,NA,a,NA,10,3,0,0,0,0,1,1,40,2017,2020,4
red_pine,2020,2021.06.08,c,750,l,l,l,h,l,rubu,a,NA,p,261,p,832,a,NA,10,3,0,0,0,0,1,2,40,2017,2020,4
red_pine,2020,2021.06.08,c,751,a,l,l,h,l,rubu,a,NA,l,531,p,832,a,NA,10,3,0,0,0,0,0,2,30,2017,2020,4
red_pine,2020,2021.06.07,c,752,m,l,a,p,l,rubu,a,NA,p,375,a,NA,a,NA,10,0,0,0,0,0,0,0,0,2017,2020,4
red_pine,2020,2021.06.07,c,753,m,m,p,p,l,rubu,a,NA,p,531,a,NA,a,NA,10,0,0,0,0,0,0,0,0,2017,2020,4
red_pine,2020,2021.06.07,c,754,l,m,p,l,l,rubu,a,NA,p,832,a,NA,a,NA,10,0,0,0,0,0,0,0,0,2017,2020,4
red_pine,2020,2021.06.07,c,755,l,m,a,m,m,rubu,a,NA,p,318,a,NA,a,NA,10,0,0,0,0,0,0,1,0,2017,2020,4
red_pine,2020,2021.06.07,c,756,m,m,a,p,m,rubu,a,NA,p,761,a,NA,a,NA,10,0,0,0,0,0,0,1,0,2017,2020,4
red_pine,2020,2021.06.07,c,757,m,m,a,l,m,rubu,p,535,p,743,a,NA,a,NA,10,0,0,0,0,0,0,1,0,2017,2020,4
red_pine,2020,2021.06.08,c,758,a,l,p,p,m,rubu,a,NA,p,372,p,833,p,999,10,4,0,0,0,0,0,1,40,2017,2020,4
red_pine,2020,2021.06.08,c,759,a,l,p,m,l,rubu,a,NA,l,531,m,833,a,NA,10,3,0,0,0,0,0,2,30,2017,2020,4
red_pine,2020,2021.06.08,c,760,p,m,l,m,p,rubu,a,NA,m,743,m,833,p,999,10,1,0,1,0,0,0,2,20,2017,2020,4
red_pine,2020,2021.06.08,c,761,a,m,p,p,m,rubu,a,NA,m,743,p,732,a,NA,10,0,0,0,1,0,0,0,10,2017,2020,4
red_pine,2020,2021.06.08,c,762,l,l,p,l,m,rubu,p,635,m,743,a,NA,p,999,10,0,0,0,0,0,0,1,0,2017,2020,4
red_pine,2020,2021.06.08,c,763,a,m,p,m,l,rubu,a,NA,p,743,p,832,a,NA,10,3,0,0,0,0,0,1,30,2017,2020,4
red_pine,2020,2021.06.08,c,764,a,m,p,p,l,rubu,a,NA,a,NA,l,129,p,999,10,2,0,0,0,0,1,2,30,2017,2020,4
red_pine,2020,2021.06.08,c,765,l,m,a,m,l,rubu,a,NA,m,531,l,129,p,999,10,0,0,0,0,0,2,1,20,2017,2020,4
red_pine,2020,2021.06.08,c,766,l,p,p,m,l,rubu,a,NA,l,743,a,NA,a,NA,10,1,0,0,0,0,0,1,10,2017,2020,4
red_pine,2020,2021.06.07,c,767,p,p,h,m,p,rubu,a,NA,l,129,p,129,a,NA,10,0,0,0,0,0,1,2,10,2017,2020,4
red_pine,2020,2021.06.07,c,768,a,p,p,h,l,vacc,a,NA,p,531,m,833,a,NA,10,3,0,0,0,0,0,4,30,2017,2020,4
red_pine,2020,2021.06.07,c,769,a,l,l,h,m,rubu,a,NA,p,315,p,833,a,NA,10,2,0,0,0,0,0,3,20,2017,2020,4
red_pine,2020,2021.06.07,c,770,a,l,m,h,l,rubu,a,NA,p,316,p,833,a,NA,10,0,0,0,0,0,0,3,0,2017,2020,4
red_pine,2020,2021.06.07,c,771,m,m,p,m,m,rubu,a,NA,l,129,a,NA,p,NA,10,1,0,0,0,0,0,3,10,2017,2020,4
red_pine,2020,2021.06.07,c,772,m,m,a,m,p,rubu,a,NA,a,NA,m,833,a,NA,10,1,0,0,0,0,0,3,10,2017,2020,4
red_pine,2020,2021.06.07,c,773,l,l,a,m,l,vacc,p,535,l,315,p,833,a,NA,10,2,0,0,0,0,1,2,30,2017,2020,4
red_pine,2020,2021.06.07,c,774,l,l,a,h,p,rubu,p,535,p,316,l,129,a,NA,10,0,0,0,0,0,1,2,10,2017,2020,4
red_pine,2020,2021.06.07,c,775,p,p,a,h,l,rubu,p,635,p,531,p,129,p,999,10,0,0,0,0,0,2,2,20,2017,2020,4
red_pine,2020,2021.06.01,i,334,p,h,p,h,m,rubu,p,635,p,316,a,NA,p,999,10,0,0,0,0,0,0,4,0,2017,2020,4
red_pine,2020,2021.06.01,i,335,a,m,a,m,m,rubu,a,NA,a,NA,a,NA,p,999,10,0,0,0,0,0,0,3,0,2017,2020,4
red_pine,2020,2021.06.01,i,336,a,h,a,l,m,rubu,a,NA,l,316,a,NA,l,999,10,0,0,0,0,0,0,3,0,2017,2020,4
red_pine,2020,2021.06.01,i,337,a,p,a,h,m,rubu,p,635,p,761,a,NA,a,NA,10,0,0,0,0,0,0,1,0,2017,2020,4
red_pine,2020,2021.06.02,i,338,a,m,a,m,m,rubu,p,635,p,316,p,832,a,NA,10,1,0,0,0,0,0,2,10,2017,2020,4
red_pine,2020,2021.06.02,i,339,l,m,a,m,l,rubu,a,NA,l,316,a,NA,a,NA,10,0,0,0,0,0,0,3,0,2017,2020,4
red_pine,2020,2021.06.01,i,340,a,m,a,l,m,rubu,a,NA,l,761,p,318,p,999,10,0,0,1,0,0,1,3,20,2017,2020,4
red_pine,2020,2021.06.01,i,341,a,l,a,m,l,rubu,a,NA,a,NA,a,NA,p,999,10,0,0,0,0,0,0,1,0,2017,2020,4
red_pine,2020,2021.06.02,i,342,a,l,a,h,l,rubu,a,NA,m,746,p,832,a,NA,10,2,0,0,0,0,0,2,20,2017,2020,4
red_pine,2020,2021.06.02,i,343,a,m,a,m,p,rubu,a,NA,p,743,l,833,a,NA,10,2,0,0,0,0,0,2,20,2017,2020,4
red_pine,2020,2021.06.02,i,344,a,m,a,h,l,rubu,a,NA,p,316,a,NA,a,NA,10,1,0,0,0,0,0,2,10,2017,2020,4
red_pine,2020,2021.06.02,i,345,a,l,a,h,p,rubu,m,635,m,541,a,NA,a,NA,10,0,0,0,0,0,0,3,0,2017,2020,4
red_pine,2020,2021.06.02,i,346,m,m,a,m,l,rubu,p,635,m,743,a,NA,a,NA,10,0,0,0,0,0,0,1,0,2017,2020,4
red_pine,2020,2021.06.02,i,347,a,l,a,m,m,rubu,a,NA,a,NA,l,129,a,NA,10,0,0,0,0,0,1,2,10,2017,2020,4
red_pine,2020,2021.06.02,i,348,l,l,l,m,l,rubu,a,NA,m,355,p,833,a,NA,10,1,0,0,0,0,0,3,10,2017,2020,4
red_pine,2020,2021.05.06,p,880,p,l,a,l,l,vacc,a,NA,m,761,a,NA,a,NA,10,0,0,0,0,0,0,1,0,2017,2020,4
red_pine,2020,2021.06.01,p,881,l,p,a,l,m,rubu,a,NA,m,761,a,NA,p,999,10,0,0,0,0,0,0,2,0,2017,2020,4
red_pine,2020,2021.06.01,p,882,m,p,a,h,l,rubu,a,NA,m,743,a,NA,a,NA,10,0,0,0,0,0,0,1,0,2017,2020,4
red_pine,2020,2021.06.01,p,883,a,m,a,m,m,rubu,a,NA,m,746,a,NA,p,999,10,0,0,0,0,0,0,2,0,2017,2020,4
red_pine,2020,2021.06.01,p,884,a,l,a,m,m,rubu,a,NA,m,743,a,NA,a,NA,10,0,0,0,0,0,0,2,0,2017,2020,4
red_pine,2020,2021.06.01,p,885,a,p,a,m,m,rubu,a,NA,h,743,a,NA,a,NA,10,1,0,0,0,0,0,2,10,2017,2020,4
red_pine,2020,2021.06.01,p,886,a,m,a,l,m,rubu,a,NA,h,746,p,833,p,999,10,0,0,0,0,0,0,4,0,2017,2020,4
red_pine,2020,2021.06.01,p,887,a,p,a,p,m,loni,a,NA,h,701,a,NA,a,NA,10,0,0,0,0,0,0,1,0,2017,2020,4
red_pine,2020,2021.06.01,p,888,a,l,a,h,l,rubu,a,NA,l,866,l,318,a,NA,10,0,0,1,0,0,0,4,10,2017,2020,4
red_pine,2020,2021.06.01,p,889,a,l,p,h,l,rubu,a,NA,l,866,a,NA,p,999,10,0,0,0,0,0,0,3,0,2017,2020,4
red_pine,2020,2021.06.02,p,890,l,m,p,h,l,rubu,p,635,l,743,a,NA,a,NA,10,0,0,0,0,0,0,1,0,2017,2020,4
red_pine,2020,2021.06.02,p,891,m,p,a,h,l,rubu,p,535,p,743,a,NA,a,NA,10,0,0,0,0,0,0,3,0,2017,2020,4
red_pine,2020,2021.05.06,p,892,l,l,a,h,l,rubu,a,NA,l,761,a,NA,a,NA,10,0,0,0,0,0,0,1,0,2017,2020,4
sta_rd,2020,2021.06.23,c,384,l,p,p,h,l,rubu,p,635,a,NA,p,318,a,NA,10,0,0,4,0,1,0,1,50,2017,2020,4
sta_rd,2020,2021.06.23,c,385,p,p,p,h,l,rubu,p,635,m,318,l,318,a,NA,10,0,0,2,0,1,0,2,30,2017,2020,4
sta_rd,2020,2021.06.23,c,386,a,l,l,h,m,rubu,a,NA,p,372,p,316,p,999,10,0,0,1,0,0,0,2,10,2017,2020,4
sta_rd,2020,2021.06.23,c,387,p,m,p,l,m,rubu,a,NA,p,927,l,372,a,NA,10,0,0,2,1,0,0,2,30,2017,2020,4
sta_rd,2020,2021.06.23,c,388,p,m,p,m,h,rubu,a,NA,a,NA,p,316,a,NA,10,0,0,1,0,0,0,1,10,2017,2020,4
sta_rd,2020,2021.06.23,c,389,p,l,p,h,h,rubu,a,NA,a,NA,a,NA,p,999,10,0,0,0,0,0,0,3,0,2017,2020,4
sta_rd,2020,2021.06.23,c,390,a,l,p,m,h,rubu,a,NA,a,NA,a,NA,a,NA,10,0,1,0,0,0,0,2,10,2017,2020,4
sta_rd,2020,2021.06.23,c,391,a,l,p,l,h,rubu,a,NA,p,531,l,316,a,NA,10,0,0,2,0,1,0,3,30,2017,2020,4
sta_rd,2020,2021.06.23,c,392,a,p,p,m,h,rubu,p,635,l,743,l,316,a,NA,10,0,0,2,1,0,0,2,30,2017,2020,4
sta_rd,2020,2021.06.23,c,393,a,p,p,l,h,rubu,a,NA,l,531,p,316,a,NA,10,0,0,1,0,1,0,3,20,2017,2020,4
sta_rd,2020,2021.06.24,c,394,p,l,p,m,m,rubu,a,NA,a,NA,h,318,a,NA,10,0,0,5,0,0,0,3,50,2017,2020,4
sta_rd,2020,2021.06.24,c,395,a,l,m,m,h,rubu,l,635,a,NA,a,NA,a,NA,10,0,0,1,0,0,0,3,10,2017,2020,4
sta_rd,2020,2021.06.24,c,396,a,m,p,l,h,rubu,a,NA,l,927,a,NA,a,NA,10,0,0,2,0,0,0,2,20,2017,2020,4
sta_rd,2020,2021.06.24,c,397,a,h,l,p,h,rubu,a,NA,p,927,m,318,p,999,10,0,0,5,0,0,0,0,50,2017,2020,4
sta_rd,2020,2021.06.24,c,398,a,m,p,p,h,rubu,a,NA,p,531,l,316,a,NA,10,0,0,4,0,0,0,0,40,2017,2020,4
sta_rd,2020,2021.06.24,c,399,a,m,l,m,h,rubu,a,NA,p,531,m,318,a,NA,10,0,0,2,1,0,0,3,30,2017,2020,4
sta_rd,2020,2021.06.24,c,400,a,m,m,m,h,rubu,a,NA,p,927,m,318,a,NA,10,0,0,5,0,0,0,0,50,2017,2020,4
sta_rd,2020,2021.06.24,c,701,a,m,l,m,h,rubu,a,NA,l,531,m,318,a,NA,10,0,2,4,0,0,0,0,60,2017,2020,4
sta_rd,2020,2021.06.25,c,702,l,p,p,l,h,rubu,a,NA,a,NA,l,NA,a,NA,10,0,0,4,0,0,0,4,40,2017,2020,4
sta_rd,2020,2021.06.24,c,703,a,l,m,m,h,rubu,a,NA,p,927,a,NA,a,NA,10,0,0,2,0,0,0,1,20,2017,2020,4
sta_rd,2020,2021.06.24,c,704,a,m,h,m,h,rubu,a,NA,p,927,p,318,a,NA,10,0,0,5,0,0,0,1,50,2017,2020,4
sta_rd,2020,2021.06.24,c,705,p,l,h,l,h,rubu,a,NA,a,NA,a,NA,a,NA,10,0,0,4,0,0,0,0,40,2017,2020,4
sta_rd,2020,2021.06.24,c,706,a,m,p,l,h,rubu,a,NA,a,NA,a,NA,p,999,10,0,0,2,0,0,0,2,20,2017,2020,4
sta_rd,2020,2021.06.24,c,707,a,m,m,m,h,rubu,a,NA,p,927,l,318,a,NA,10,0,0,5,0,0,0,1,50,2017,2020,4
sta_rd,2020,2021.06.24,c,708,l,p,l,m,m,rubu,a,NA,a,NA,m,318,a,NA,10,0,0,3,0,0,0,3,30,2017,2020,4
sta_rd,2020,2021.06.24,c,709,a,p,h,l,l,rubu,p,635,p,372,h,318,a,NA,10,0,0,6,0,0,0,1,60,2017,2020,4
sta_rd,2020,2021.06.25,c,710,a,l,l,l,h,rubu,a,NA,l,927,h,318,p,999,10,0,0,3,0,0,0,2,30,2017,2020,4
sta_rd,2020,2021.06.25,c,711,l,p,p,m,h,rubu,a,NA,l,927,m,318,a,NA,10,0,0,5,0,0,0,2,50,2017,2020,4
sta_rd,2020,2021.06.25,c,712,a,l,p,m,h,rubu,a,NA,m,927,m,316,a,NA,10,0,0,7,0,0,0,1,70,2017,2020,4
sta_rd,2020,2021.06.25,c,713,a,m,l,l,h,rubu,a,NA,l,927,m,318,a,NA,10,0,0,5,0,0,0,4,50,2017,2020,4
sta_rd,2020,2021.06.23,c,946,p,a,l,h,p,rubu,l,635,l,315,l,318,a,NA,10,0,0,2,0,1,0,1,30,2017,2020,4
sta_rd,2020,2021.06.23,c,947,m,a,m,h,p,rubu,p,635,p,531,h,951,a,NA,10,0,0,4,0,2,0,3,60,2017,2020,4
sta_rd,2020,2021.06.23,c,948,l,a,m,h,l,rubu,p,635,m,372,m,318,a,NA,10,0,0,4,0,1,0,4,50,2017,2020,4
sta_rd,2020,2021.06.23,c,949,a,l,h,l,h,rubu,p,635,l,372,m,318,a,NA,10,0,0,3,0,0,0,2,30,2017,2020,4
wedge,2020,2021.06.17,i,370,l,l,p,m,m,rubu,a,NA,m,743,p,316,l,999,10,0,0,3,0,0,0,3,30,2017,2020,4
wedge,2020,2021.06.17,i,371,a,m,l,a,m,rubu,a,NA,a,NA,h,318,p,999,10,0,0,5,0,0,0,3,50,2017,2020,4
wedge,2020,2021.06.20,i,372,l,l,p,l,m,rubu,a,NA,m,761,a,NA,p,999,10,0,2,0,0,0,0,2,20,2017,2020,4
wedge,2020,2021.06.16,i,373,a,l,p,l,l,rubu,a,NA,p,761,h,833,a,NA,10,1,1,1,0,0,0,3,30,2017,2020,4
wedge,2020,2021.06.20,i,374,a,m,p,p,h,rubu,a,NA,h,761,a,NA,p,999,10,0,0,0,0,0,0,1,0,2017,2020,4
wedge,2020,2021.06.17,i,375,a,m,l,l,m,rubu,a,NA,a,NA,p,316,p,999,10,0,0,4,0,0,0,1,40,2017,2020,4
wedge,2020,2021.06.16,i,376,a,p,p,l,m,rubu,a,NA,h,761,a,NA,a,NA,10,0,0,2,0,0,0,1,20,2017,2020,4
wedge,2020,2021.06.16,i,377,a,p,p,p,m,rubu,a,NA,h,761,p,318,a,NA,10,0,0,2,0,0,0,3,20,2017,2020,4
wedge,2020,2021.06.20,i,378,a,p,l,l,h,rubu,a,NA,a,NA,h,318,a,NA,10,0,0,9,0,0,0,3,90,2017,2020,4
wedge,2020,2021.06.17,i,379,a,l,p,h,m,rubu,a,NA,m,927,a,NA,a,NA,10,0,0,2,0,0,0,2,20,2017,2020,4
wedge,2020,2021.06.16,i,380,p,l,m,l,m,rubu,a,NA,l,761,h,318,a,NA,10,0,0,8,0,0,0,2,80,2017,2020,4
wedge,2020,2021.06.17,i,381,a,m,l,l,h,rubu,a,NA,a,NA,h,318,a,NA,10,0,0,7,0,0,0,3,70,2017,2020,4
wedge,2020,2021.06.17,i,382,a,l,l,m,h,rubu,a,NA,a,NA,a,NA,a,NA,10,0,0,1,0,0,0,3,10,2017,2020,4
wedge,2020,2021.06.17,i,383,a,a,p,m,h,rubu,a,NA,l,951,p,318,a,NA,10,0,0,1,0,0,0,4,10,2017,2020,4
wedge,2020,2021.06.16,p,966,a,p,a,p,m,rubu,a,NA,h,761,a,NA,a,NA,10,0,0,1,0,0,0,4,10,2017,2020,4
wedge,2020,2021.06.16,p,967,p,l,p,l,h,rubu,a,NA,m,761,a,NA,a,NA,10,0,0,1,0,0,0,4,10,2017,2020,4
wedge,2020,2021.06.16,p,968,a,m,p,p,h,rubu,a,NA,l,951,l,316,a,NA,10,0,0,5,0,0,0,2,50,2017,2020,4
wedge,2020,2021.06.17,p,969,a,a,l,m,h,rubu,a,NA,h,761,a,NA,a,NA,10,0,0,1,0,0,0,3,10,2017,2020,4
wedge,2020,2021.06.17,p,970,l,p,p,h,m,rubu,a,NA,m,761,p,318,p,999,10,0,0,2,0,0,0,3,20,2017,2020,4
wedge,2020,2021.06.17,p,971,a,l,l,m,m,rubu,a,NA,m,927,p,318,a,NA,10,0,0,1,0,0,0,2,10,2017,2020,4
wedge,2020,2021.06.17,p,972,a,a,p,p,h,rubu,a,NA,m,761,a,NA,a,NA,10,0,0,0,0,0,0,3,0,2017,2020,4
wedge,2020,2021.06.17,p,973,p,m,p,h,l,rubu,p,NA,m,743,a,NA,l,999,10,0,0,1,0,0,0,1,10,2017,2020,4
wedge,2020,2021.06.16,p,974,a,l,p,h,l,rubu,a,NA,m,743,l,316,l,999,10,0,0,3,0,0,0,1,30,2017,2020,4
wedge,2020,2021.06.16,p,975,p,p,p,h,l,rubu,a,NA,m,743,l,316,p,999,10,0,0,4,0,0,0,4,40,2017,2020,4
