filename,df,harvest,harvest_original,location,location_old,wall,point,season,cut,year,numb_yrs_grow,date,disturb,slash,fern,herb,native_cov,native_spp,invasive_cov,invasive_spp,mid_cov,mid_spp,upper_cov,upper_spp,vine_cov,vine_spp,baf,oakhick,beech,maple,birch,hdwd,conifer,comm_sdl,comments,height,trmt,forest_type,brush,firstgrow
regen_and_plot_input_2021_cleaning.Rmd,plot_data,sta_rd,boot,p,p,b1,954,2021,2017,2021,4,2022.06.19,a,p,p,h,h,915,a,NA,m,531,m,316,p,viti,10,0,0,3,0,0,0,2,NA,10,protected,n_hdwd,b,2018
regen_and_plot_input_2021_cleaning.Rmd,plot_data,sta_rd,boot,i,i,b1,361,2021,2017,2021,4,2022.06.19,a,a,m,h,l,915,a,NA,l,531,m,318,a,NA,10,0,0,4,0,0,0,1,NA,10,protected,n_hdwd,b,2018
regen_and_plot_input_2021_cleaning.Rmd,plot_data,sta_rd,boot,p,p,b1,955,2021,2017,2021,4,2022.06.19,a,l,m,h,l,915,a,NA,m,761,p,318,p,viti,10,0,0,1,0,0,0,NA,NA,10,protected,n_hdwd,b,2018
regen_and_plot_input_2021_cleaning.Rmd,plot_data,sta_rd,boot,i,i,b1,366,2021,2017,2021,4,2022.06.19,a,m,p,l,h,915,a,NA,l,761,l,316,p,viti,10,1,0,4,0,0,0,NA,NA,10,protected,n_hdwd,b,2018
regen_and_plot_input_2021_cleaning.Rmd,plot_data,sta_rd,boot,p,p,b1,956,2021,2017,2021,4,2022.06.19,l,l,h,l,h,915,a,NA,p,372,p,316,a,NA,10,1,0,1,0,0,0,1,NA,10,protected,n_hdwd,b,2018
regen_and_plot_input_2021_cleaning.Rmd,plot_data,sta_rd,boot,p,p,b1,957,2021,2017,2021,4,2022.06.19,a,m,a,l,h,915,a,NA,m,761,p,833,a,NA,10,4,0,0,0,0,0,1,NA,10,protected,n_hdwd,b,2018
regen_and_plot_input_2021_cleaning.Rmd,plot_data,sta_rd,boot,i,i,b1,367,2021,2017,2021,4,2022.06.19,a,m,p,m,m,915,l,905,m,951,m,316,l,viti,10,0,0,5,0,2,0,1,NA,10,protected,n_hdwd,b,2018
regen_and_plot_input_2021_cleaning.Rmd,plot_data,sta_rd,boot,i,i,b1,368,2021,2017,2021,4,2022.06.19,a,m,a,h,h,915,a,NA,m,316,l,316,l,viti,10,0,0,6,0,0,0,3,NA,10,protected,n_hdwd,b,2018
regen_and_plot_input_2021_cleaning.Rmd,plot_data,sta_rd,boot,p,p,b1,958,2021,2017,2021,4,2022.06.19,a,l,p,h,h,915,a,NA,m,761,l,316,p,viti,10,1,0,3,0,0,0,2,NA,10,protected,n_hdwd,b,2018
regen_and_plot_input_2021_cleaning.Rmd,plot_data,sta_rd,boot,p,p,b1,959,2021,2017,2021,4,2022.06.19,a,p,a,m,h,915,a,NA,m,761,m,833,p,viti,10,3,0,0,0,1,0,4,NA,10,protected,n_hdwd,b,2018
regen_and_plot_input_2021_cleaning.Rmd,plot_data,sta_rd,boot,i,i,b1,369,2021,2017,2021,4,2022.06.19,a,m,a,l,h,915,a,NA,m,372,l,833,p,viti,10,3,0,0,0,0,0,4,NA,10,protected,n_hdwd,b,2018
regen_and_plot_input_2021_cleaning.Rmd,plot_data,sta_rd,boot,i,i,b1,365,2021,2017,2021,4,2022.06.19,a,p,p,m,h,915,a,NA,h,951,m,318,a,NA,10,0,0,4,0,0,0,3,NA,10,protected,n_hdwd,b,2018
regen_and_plot_input_2021_cleaning.Rmd,plot_data,sta_rd,boot,p,p,b1,960,2021,2017,2021,4,2022.06.19,a,p,p,l,h,915,a,NA,h,761,p,318,p,viti,10,0,0,1,0,0,0,2,NA,10,protected,n_hdwd,b,2018
regen_and_plot_input_2021_cleaning.Rmd,plot_data,sta_rd,boot,p,p,b1,962,2021,2017,2021,4,2022.06.21,p,p,p,m,h,915,a,NA,h,761,a,NA,p,viti,10,0,0,0,0,0,0,3,NA,10,protected,n_hdwd,b,2018
regen_and_plot_input_2021_cleaning.Rmd,plot_data,sta_rd,boot,i,i,b1,357,2021,2017,2021,4,2022.06.21,a,h,m,p,h,915,a,NA,m,761,a,NA,p,viti,10,0,0,2,0,0,0,1,NA,10,protected,n_hdwd,b,2018
regen_and_plot_input_2021_cleaning.Rmd,plot_data,sta_rd,boot,p,p,b1,961,2021,2017,2021,4,2022.06.21,a,l,p,h,h,915,p,905,l,761,l,318,a,NA,10,0,0,1,0,1,0,2,NA,10,protected,n_hdwd,b,2018
regen_and_plot_input_2021_cleaning.Rmd,plot_data,sta_rd,boot,i,i,b1,360,2021,2017,2021,4,2022.06.21,a,m,a,m,h,915,a,NA,h,761,m,318,a,NA,10,1,1,4,0,0,0,4,NA,10,protected,n_hdwd,b,2018
regen_and_plot_input_2021_cleaning.Rmd,plot_data,sta_rd,boot,i,i,b1,359,2021,2017,2021,4,2022.06.21,a,p,a,m,h,915,a,NA,h,761,p,316,l,gaap,10,0,0,4,0,0,0,4,NA,10,protected,n_hdwd,b,2018
regen_and_plot_input_2021_cleaning.Rmd,plot_data,sta_rd,boot,i,i,b1,364,2021,2017,2021,4,2022.06.21,a,l,a,m,h,915,l,905,h,761,l,318,a,NA,10,2,0,3,0,0,0,3,NA,10,protected,n_hdwd,b,2018
regen_and_plot_input_2021_cleaning.Rmd,plot_data,sta_rd,boot,i,i,b1,363,2021,2017,2021,4,2022.06.21,a,m,l,h,m,915,a,NA,l,951,l,316,l,viti,10,0,0,4,0,0,0,1,NA,10,protected,n_hdwd,b,2018
regen_and_plot_input_2021_cleaning.Rmd,plot_data,sta_rd,boot,i,i,b1,362,2021,2017,2021,4,2022.06.21,a,m,l,l,h,915,a,NA,m,761,p,316,m,viti,10,0,0,2,0,0,0,3,NA,10,protected,n_hdwd,b,2018
regen_and_plot_input_2021_cleaning.Rmd,plot_data,sta_rd,boot,p,p,b1,950,2021,2017,2021,4,2022.06.22,a,l,p,l,m,915,a,NA,m,531,m,316,a,NA,10,0,0,2,0,0,0,3,NA,10,protected,n_hdwd,b,2018
regen_and_plot_input_2021_cleaning.Rmd,plot_data,sta_rd,boot,p,p,b1,951,2021,2017,2021,4,2022.06.22,a,p,p,m,h,915,a,NA,h,761,a,NA,a,NA,10,0,0,1,0,0,0,3,NA,10,protected,n_hdwd,b,2018
regen_and_plot_input_2021_cleaning.Rmd,plot_data,sta_rd,boot,i,i,b1,351,2021,2017,2021,4,2022.06.22,a,m,a,l,m,915,a,NA,l,531,h,531,a,NA,10,0,1,2,0,0,0,4,NA,10,protected,n_hdwd,b,2018
regen_and_plot_input_2021_cleaning.Rmd,plot_data,sta_rd,boot,i,i,b1,353,2021,2017,2021,4,2022.06.22,a,l,m,h,h,915,p,905,l,951,h,316,p,viti,10,0,0,5,0,1,0,1,NA,10,protected,n_hdwd,b,2018
regen_and_plot_input_2021_cleaning.Rmd,plot_data,sta_rd,boot,p,p,b1,952,2021,2017,2021,4,2022.06.22,a,l,l,h,h,915,a,NA,l,372,a,NA,p,viti,10,0,0,2,0,0,0,2,NA,10,protected,n_hdwd,b,2018
regen_and_plot_input_2021_cleaning.Rmd,plot_data,sta_rd,boot,p,p,b1,953,2021,2017,2021,4,2022.06.22,a,l,p,l,h,915,a,NA,l,316,m,316,l,viti,10,0,1,3,1,0,0,2,NA,10,protected,n_hdwd,b,2018
regen_and_plot_input_2021_cleaning.Rmd,plot_data,sta_rd,boot,i,i,b1,358,2021,2017,2021,4,2022.06.22,a,p,p,p,h,915,a,NA,h,372,a,NA,l,viti,10,0,0,1,0,0,0,1,NA,10,protected,n_hdwd,b,2018
regen_and_plot_input_2021_cleaning.Rmd,plot_data,sta_rd,boot,i,i,b1,356,2021,2017,2021,4,2022.06.22,p,m,p,l,h,915,p,635,l,761,l,318,p,viti,10,0,0,4,0,0,0,2,"Am I correct that ""loni"" here is supposed to be lonicera spp.? = 635 data code",10,protected,n_hdwd,b,2018
regen_and_plot_input_2021_cleaning.Rmd,plot_data,sta_rd,boot,i,i,b1,349,2021,2017,2021,4,2022.06.24,a,p,p,h,h,915,p,635,l,761,l,316,a,NA,10,0,0,2,0,0,0,4,NA,10,protected,n_hdwd,b,2018
regen_and_plot_input_2021_cleaning.Rmd,plot_data,sta_rd,boot,p,p,b1,965,2021,2017,2021,4,2022.06.24,a,p,l,h,l,915,p,635,l,372,m,833,p,viti,10,2,0,1,0,0,0,4,NA,10,protected,n_hdwd,b,2018
regen_and_plot_input_2021_cleaning.Rmd,plot_data,sta_rd,boot,i,i,b1,350,2021,2017,2021,4,2022.06.24,l,p,m,h,h,915,a,NA,l,761,p,531,a,NA,10,0,1,0,0,0,0,4,NA,10,protected,n_hdwd,b,2018
regen_and_plot_input_2021_cleaning.Rmd,plot_data,sta_rd,boot,p,p,b1,964,2021,2017,2021,4,2022.06.24,p,p,l,h,h,915,a,NA,m,761,a,NA,p,viti,10,0,0,0,0,0,0,4,NA,10,protected,n_hdwd,b,2018
regen_and_plot_input_2021_cleaning.Rmd,plot_data,sta_rd,boot,p,p,b1,963,2021,2017,2021,4,2022.06.24,a,p,l,h,l,915,a,NA,m,761,p,531,a,NA,10,0,1,0,0,0,0,4,NA,10,protected,n_hdwd,b,2018
regen_and_plot_input_2021_cleaning.Rmd,plot_data,sta_rd,boot,i,i,b1,355,2021,2017,2021,4,2022.06.24,p,l,a,m,h,915,a,NA,h,761,a,NA,a,NA,10,0,0,1,0,0,0,4,NA,10,protected,n_hdwd,b,2018
regen_and_plot_input_2021_cleaning.Rmd,plot_data,sta_rd,boot,i,i,b1,354,2021,2017,2021,4,2022.06.24,a,m,l,l,h,915,a,NA,l,372,l,316,p,viti,10,0,0,3,0,0,0,1,NA,10,protected,n_hdwd,b,2018
regen_and_plot_input_2021_cleaning.Rmd,plot_data,sta_rd,boot,i,i,b1,352,2021,2017,2021,4,2022.06.24,l,m,l,p,h,915,a,NA,l,372,l,316,a,NA,10,0,0,3,0,0,0,3,NA,10,protected,n_hdwd,b,2018
regen_and_plot_input_2021_cleaning.Rmd,plot_data,campridge,campridge,i,i,99,252,2021,2019,2021,1,2022.03.22,a,l,a,m,h,915,a,NA,l,743,l,316,a,NA,10,1,0,1,0,0,0,1,NA,10,protected,oak_hdwd,b,2021
regen_and_plot_input_2021_cleaning.Rmd,plot_data,campridge,campridge,i,i,99,253,2021,2019,2021,1,2022.03.22,p,m,l,h,m,915,a,NA,l,531,l,372,a,NA,10,1,0,0,1,0,0,1,NA,10,protected,oak_hdwd,b,2021
regen_and_plot_input_2021_cleaning.Rmd,plot_data,campridge,campridge,i,i,99,254,2021,2019,2021,1,2022.03.22,a,l,p,m,h,915,a,NA,l,743,p,833,a,NA,10,3,0,0,0,0,0,NA,NA,10,protected,oak_hdwd,b,2021
regen_and_plot_input_2021_cleaning.Rmd,plot_data,campridge,campridge,i,i,99,255,2021,2019,2021,1,2022.03.22,p,m,l,m,m,915,a,NA,p,743,l,833,a,NA,10,1,0,0,0,0,0,1,NA,10,protected,oak_hdwd,b,2021
regen_and_plot_input_2021_cleaning.Rmd,plot_data,campridge,campridge,i,i,99,256,2021,2019,2021,1,2022.03.22,a,m,a,h,h,915,p,635,p,316,a,NA,a,NA,10,1,0,0,0,0,0,1,NA,10,protected,oak_hdwd,b,2021
regen_and_plot_input_2021_cleaning.Rmd,plot_data,campridge,campridge,i,i,99,247,2021,2019,2021,1,2022.03.22,l,p,a,h,m,915,a,NA,p,701,m,318,a,NA,10,1,0,2,0,0,0,NA,NA,10,protected,oak_hdwd,b,2021
regen_and_plot_input_2021_cleaning.Rmd,plot_data,campridge,campridge,i,i,99,248,2021,2019,2021,1,2022.03.22,a,l,a,h,h,915,a,NA,p,316,p,318,a,NA,10,2,0,1,0,0,0,1,NA,10,protected,oak_hdwd,b,2021
regen_and_plot_input_2021_cleaning.Rmd,plot_data,campridge,campridge,i,i,99,475,2021,2019,2021,1,2022.03.30,a,m,l,m,h,915,a,NA,m,743,a,NA,p,viti,10,1,0,0,0,0,0,1,NA,10,protected,oak_hdwd,b,2021
regen_and_plot_input_2021_cleaning.Rmd,plot_data,campridge,campridge,i,i,99,476,2021,2019,2021,1,2022.03.30,p,l,a,h,m,915,a,NA,m,743,a,NA,a,NA,10,0,0,0,0,0,0,1,NA,10,protected,oak_hdwd,b,2021
regen_and_plot_input_2021_cleaning.Rmd,plot_data,campridge,campridge,i,i,99,477,2021,2019,2021,1,2022.03.30,a,m,a,p,p,915,a,NA,l,743,l,833,a,NA,10,1,0,0,0,0,0,1,NA,10,protected,oak_hdwd,b,2021
regen_and_plot_input_2021_cleaning.Rmd,plot_data,campridge,campridge,i,i,99,478,2021,2019,2021,1,2022.03.30,a,m,p,h,m,915,a,NA,m,743,p,316,a,NA,10,0,0,1,0,0,0,1,NA,10,protected,oak_hdwd,b,2021
regen_and_plot_input_2021_cleaning.Rmd,plot_data,campridge,campridge,i,i,99,480,2021,2019,2021,1,2022.03.30,a,m,p,h,h,915,a,NA,m,743,p,316,a,NA,10,0,0,1,0,0,0,NA,NA,10,protected,oak_hdwd,b,2021
regen_and_plot_input_2021_cleaning.Rmd,plot_data,campridge,campridge,i,i,99,479,2021,2019,2021,1,2022.03.30,a,m,p,m,h,915,a,NA,h,743,a,NA,a,NA,10,0,0,1,0,0,0,1,NA,10,protected,oak_hdwd,b,2021
regen_and_plot_input_2021_cleaning.Rmd,plot_data,campridge,campridge,i,i,99,483,2021,2019,2021,1,2022.03.30,a,l,l,m,h,915,a,NA,m,743,l,316,a,NA,10,0,0,2,0,0,0,1,NA,10,protected,oak_hdwd,b,2021
regen_and_plot_input_2021_cleaning.Rmd,plot_data,campridge,campridge,i,i,99,482,2021,2019,2021,1,2022.03.30,a,m,p,m,m,915,a,NA,l,761,p,316,a,NA,10,0,0,1,0,0,0,NA,NA,10,protected,oak_hdwd,b,2021
regen_and_plot_input_2021_cleaning.Rmd,plot_data,campridge,campridge,i,i,99,481,2021,2019,2021,1,2022.03.30,a,m,p,m,m,915,a,NA,l,316,a,316,a,NA,10,0,0,0,0,0,0,NA,NA,10,protected,oak_hdwd,b,2021
regen_and_plot_input_2021_cleaning.Rmd,plot_data,campridge,campridge,i,i,99,484,2021,2019,2021,1,2022.04.13,a,m,a,m,h,915,a,NA,m,743,p,316,a,NA,10,0,0,1,0,0,0,1,NA,10,protected,oak_hdwd,b,2021
regen_and_plot_input_2021_cleaning.Rmd,plot_data,campridge,campridge,i,i,99,485,2021,2019,2021,1,2022.04.13,a,m,a,l,m,915,a,NA,m,743,a,NA,a,NA,10,0,0,1,0,0,0,2,NA,10,protected,oak_hdwd,b,2021
regen_and_plot_input_2021_cleaning.Rmd,plot_data,campridge,campridge,i,i,99,486,2021,2019,2021,1,2022.04.13,a,m,p,m,m,915,a,NA,m,743,l,316,a,NA,10,0,0,1,0,0,0,NA,NA,10,protected,oak_hdwd,b,2021
regen_and_plot_input_2021_cleaning.Rmd,plot_data,campridge,campridge,i,i,99,489,2021,2019,2021,1,2022.04.13,a,m,a,m,h,915,a,NA,h,743,a,NA,a,NA,10,0,0,0,0,0,0,1,NA,10,protected,oak_hdwd,b,2021
regen_and_plot_input_2021_cleaning.Rmd,plot_data,campridge,campridge,i,i,99,488,2021,2019,2021,1,2022.04.13,a,m,a,l,l,915,a,NA,l,761,m,316,a,NA,10,0,0,2,1,0,0,1,NA,10,protected,oak_hdwd,b,2021
regen_and_plot_input_2021_cleaning.Rmd,plot_data,campridge,campridge,i,i,99,487,2021,2019,2021,1,2022.04.13,a,m,l,m,m,915,a,NA,l,761,a,NA,a,NA,10,0,0,1,0,0,0,NA,NA,10,protected,oak_hdwd,b,2021
regen_and_plot_input_2021_cleaning.Rmd,plot_data,campridge,campridge,i,i,99,249,2021,2019,2021,1,2022.04.13,a,m,a,h,l,915,a,NA,p,316,m,318,a,NA,10,2,0,2,0,0,0,1,NA,10,protected,oak_hdwd,b,2021
regen_and_plot_input_2021_cleaning.Rmd,plot_data,campridge,campridge,i,i,99,250,2021,2019,2021,1,2022.04.13,a,m,a,h,m,915,p,368,a,NA,l,833,a,NA,10,3,0,0,0,0,0,2,NA,10,protected,oak_hdwd,b,2021
regen_and_plot_input_2021_cleaning.Rmd,plot_data,campridge,campridge,i,i,99,251,2021,2019,2021,1,2022.04.13,a,l,l,h,h,915,a,NA,p,531,l,318,a,NA,10,0,0,2,0,0,0,1,NA,10,protected,oak_hdwd,b,2021
regen_and_plot_input_2021_cleaning.Rmd,plot_data,campridge,campridge,i,i,99,84,2021,2019,2021,1,2022.04.13,a,m,p,h,h,915,a,NA,p,951,l,318,a,NA,10,0,0,2,0,0,0,1,NA,10,protected,oak_hdwd,b,2021
regen_and_plot_input_2021_cleaning.Rmd,plot_data,campridge,campridge,i,i,99,85,2021,2019,2021,1,2022.04.13,a,m,l,h,h,915,a,NA,l,318,l,318,a,NA,10,0,0,4,0,0,0,NA,NA,10,protected,oak_hdwd,b,2021
regen_and_plot_input_2021_cleaning.Rmd,plot_data,campridge,campridge,i,i,99,82,2021,2019,2021,1,2022.04.15,a,m,p,h,l,915,a,NA,l,701,l,407,a,NA,10,1,0,0,0,0,0,1,NA,10,protected,oak_hdwd,b,2021
regen_and_plot_input_2021_cleaning.Rmd,plot_data,campridge,campridge,i,i,99,83,2021,2019,2021,1,2022.04.15,a,m,a,h,m,915,a,NA,p,951,p,318,a,NA,10,0,0,2,0,0,0,NA,NA,10,protected,oak_hdwd,b,2021
regen_and_plot_input_2021_cleaning.Rmd,plot_data,campridge,campridge,p,p,99,86,2021,2019,2021,1,2022.04.15,m,l,l,h,m,915,a,NA,p,951,p,318,a,NA,10,0,0,1,0,0,0,2,NA,10,protected,oak_hdwd,b,2021
regen_and_plot_input_2021_cleaning.Rmd,plot_data,campridge,campridge,i,i,99,87,2021,2019,2021,1,2022.04.15,l,l,l,h,l,915,a,NA,l,531,l,318,a,NA,10,0,0,3,0,0,0,2,NA,10,protected,oak_hdwd,b,2021
regen_and_plot_input_2021_cleaning.Rmd,plot_data,campridge,campridge,i,i,99,88,2021,2019,2021,1,2022.04.15,m,p,l,h,p,915,a,NA,p,701,p,951,a,NA,10,0,0,1,0,2,0,NA,NA,10,protected,oak_hdwd,b,2021
regen_and_plot_input_2021_cleaning.Rmd,plot_data,campridge,campridge,i,i,99,89,2021,2019,2021,1,2022.04.15,l,l,p,h,l,915,a,NA,m,866,m,NA,m,viti,10,0,0,0,0,0,0,1,NA,10,protected,oak_hdwd,b,2021
regen_and_plot_input_2021_cleaning.Rmd,plot_data,campridge,campridge,i,i,99,90,2021,2019,2021,1,2022.04.15,p,l,l,h,m,915,a,NA,p,951,p,318,a,NA,10,0,0,2,0,0,0,NA,NA,10,protected,oak_hdwd,b,2021
regen_and_plot_input_2021_cleaning.Rmd,plot_data,campridge,campridge,i,i,99,91,2021,2019,2021,1,2022.04.15,p,l,p,h,m,915,a,NA,m,866,m,316,p,viti,10,0,0,2,0,0,0,NA,NA,10,protected,oak_hdwd,b,2021
regen_and_plot_input_2021_cleaning.Rmd,plot_data,campridge,campridge,i,i,99,100,2021,2019,2021,1,2022.04.15,p,l,a,l,p,915,a,NA,a,NA,a,833,a,NA,10,2,0,0,0,0,0,2,NA,10,protected,oak_hdwd,b,2021
regen_and_plot_input_2021_cleaning.Rmd,plot_data,campridge,campridge,i,i,99,98,2021,2019,2021,1,2022.04.15,a,m,l,h,l,915,p,635,p,701,p,651,p,NA,10,0,0,0,0,1,0,NA,NA,10,protected,oak_hdwd,b,2021
regen_and_plot_input_2021_cleaning.Rmd,plot_data,campridge,campridge,i,i,99,493,2021,2019,2021,1,2022.04.18,a,m,l,m,m,915,a,NA,l,743,p,407,a,NA,10,3,0,0,1,0,0,2,NA,10,protected,oak_hdwd,b,2021
regen_and_plot_input_2021_cleaning.Rmd,plot_data,campridge,campridge,i,i,99,494,2021,2019,2021,1,2022.04.18,a,m,a,m,m,915,a,NA,l,531,m,833,a,NA,10,4,0,0,0,0,0,2,NA,10,protected,oak_hdwd,b,2021
regen_and_plot_input_2021_cleaning.Rmd,plot_data,campridge,campridge,i,i,99,495,2021,2019,2021,1,2022.04.18,a,h,a,m,m,915,a,NA,l,531,m,833,a,NA,10,3,0,0,0,0,0,1,NA,10,protected,oak_hdwd,b,2021
regen_and_plot_input_2021_cleaning.Rmd,plot_data,campridge,campridge,i,i,99,467,2021,2019,2021,1,2022.04.18,a,p,a,h,h,915,a,NA,m,761,a,NA,a,NA,10,1,0,0,0,0,0,NA,NA,10,protected,oak_hdwd,b,2021
regen_and_plot_input_2021_cleaning.Rmd,plot_data,campridge,campridge,i,i,99,468,2021,2019,2021,1,2022.04.18,a,m,a,l,l,915,a,NA,p,316,m,802,a,NA,10,3,0,0,0,0,0,NA,NA,10,protected,oak_hdwd,b,2021
regen_and_plot_input_2021_cleaning.Rmd,plot_data,campridge,campridge,i,i,99,469,2021,2019,2021,1,2022.04.18,a,m,a,m,h,915,a,NA,l,743,a,NA,a,NA,10,1,0,0,0,0,0,1,NA,10,protected,oak_hdwd,b,2021
regen_and_plot_input_2021_cleaning.Rmd,plot_data,campridge,campridge,i,i,99,470,2021,2019,2021,1,2022.04.18,a,m,a,l,l,915,a,NA,p,743,m,833,a,NA,10,1,0,0,0,0,0,2,NA,10,protected,oak_hdwd,b,2021
regen_and_plot_input_2021_cleaning.Rmd,plot_data,campridge,campridge,i,i,99,471,2021,2019,2021,1,2022.04.18,a,l,a,m,h,915,a,NA,l,743,a,NA,a,NA,10,0,0,1,0,0,0,1,NA,10,protected,oak_hdwd,b,2021
regen_and_plot_input_2021_cleaning.Rmd,plot_data,campridge,campridge,i,i,99,472,2021,2019,2021,1,2022.04.18,a,l,a,m,l,915,a,NA,l,743,l,372,a,NA,10,1,0,0,0,0,0,NA,NA,10,protected,oak_hdwd,b,2021
regen_and_plot_input_2021_cleaning.Rmd,plot_data,campridge,campridge,i,i,99,473,2021,2019,2021,1,2022.04.18,a,l,a,m,l,915,a,NA,l,743,l,318,a,NA,10,2,0,1,0,1,0,1,NA,10,protected,oak_hdwd,b,2021
regen_and_plot_input_2021_cleaning.Rmd,plot_data,campridge,campridge,i,i,99,474,2021,2019,2021,1,2022.04.18,a,l,a,m,m,915,a,NA,l,743,a,NA,a,NA,10,2,0,0,1,0,0,NA,NA,10,protected,oak_hdwd,b,2021
regen_and_plot_input_2021_cleaning.Rmd,plot_data,campridge,campridge,i,i,99,97,2021,2019,2021,1,2022.04.18,l,m,p,h,l,915,a,NA,p,743,p,833,a,NA,10,0,0,0,1,0,0,1,NA,10,protected,oak_hdwd,b,2021
regen_and_plot_input_2021_cleaning.Rmd,plot_data,campridge,campridge,i,i,99,96,2021,2019,2021,1,2022.04.18,a,l,a,h,m,915,a,NA,l,531,l,318,a,NA,10,1,0,1,0,0,0,1,NA,10,protected,oak_hdwd,b,2021
regen_and_plot_input_2021_cleaning.Rmd,plot_data,campridge,campridge,i,i,99,95,2021,2019,2021,1,2022.04.18,a,m,p,h,m,915,p,905,m,531,p,833,a,NA,10,2,0,0,0,0,0,1,NA,10,protected,oak_hdwd,b,2021
regen_and_plot_input_2021_cleaning.Rmd,plot_data,campridge,campridge,i,i,99,94,2021,2019,2021,1,2022.04.18,a,m,p,h,l,915,a,NA,l,746,l,833,a,NA,10,2,0,0,0,0,0,2,NA,10,protected,oak_hdwd,b,2021
regen_and_plot_input_2021_cleaning.Rmd,plot_data,campridge,campridge,p,p,99,459,2021,2019,2021,1,2022.04.21,l,a,l,h,l,915,l,905,p,701,a,NA,a,NA,10,0,0,1,0,0,0,NA,NA,10,protected,oak_hdwd,b,2021
regen_and_plot_input_2021_cleaning.Rmd,plot_data,campridge,campridge,p,p,99,460,2021,2019,2021,1,2022.04.21,p,a,p,h,m,915,a,NA,l,743,a,NA,a,NA,10,0,0,0,0,0,0,1,NA,10,protected,oak_hdwd,b,2021
regen_and_plot_input_2021_cleaning.Rmd,plot_data,campridge,campridge,p,p,99,461,2021,2019,2021,1,2022.04.21,l,p,p,h,m,915,a,NA,l,746,p,318,a,NA,10,0,0,1,0,0,0,1,NA,10,protected,oak_hdwd,b,2021
regen_and_plot_input_2021_cleaning.Rmd,plot_data,campridge,campridge,p,p,99,462,2021,2019,2021,1,2022.04.21,m,a,p,h,l,915,a,NA,p,746,a,NA,a,NA,10,0,0,0,0,0,0,1,NA,10,protected,oak_hdwd,b,2021
regen_and_plot_input_2021_cleaning.Rmd,plot_data,campridge,campridge,p,p,99,463,2021,2019,2021,1,2022.04.21,m,a,l,h,l,915,p,905,p,746,a,NA,a,NA,10,0,0,0,0,0,0,NA,NA,10,protected,oak_hdwd,b,2021
regen_and_plot_input_2021_cleaning.Rmd,plot_data,campridge,campridge,p,p,99,464,2021,2019,2021,1,2022.04.21,h,a,p,h,l,915,p,635,p,316,a,NA,a,NA,10,0,0,0,0,0,0,1,NA,10,protected,oak_hdwd,b,2021
regen_and_plot_input_2021_cleaning.Rmd,plot_data,campridge,campridge,p,p,99,465,2021,2019,2021,1,2022.04.21,m,p,l,h,m,915,a,NA,p,761,a,NA,a,NA,10,0,0,0,0,0,0,NA,NA,10,protected,oak_hdwd,b,2021
regen_and_plot_input_2021_cleaning.Rmd,plot_data,campridge,campridge,p,p,99,466,2021,2019,2021,1,2022.04.21,h,m,l,h,m,915,p,905,p,920,p,833,a,NA,10,1,0,0,0,0,0,NA,NA,10,protected,oak_hdwd,b,2021
regen_and_plot_input_2021_cleaning.Rmd,plot_data,campridge,campridge,i,i,99,92,2021,2019,2021,1,2022.04.21,a,h,a,m,l,915,p,635,h,531,p,951,a,NA,10,2,0,1,0,1,0,2,NA,10,protected,oak_hdwd,b,2021
regen_and_plot_input_2021_cleaning.Rmd,plot_data,campridge,campridge,i,i,99,93,2021,2019,2021,1,2022.04.21,m,m,l,h,l,915,p,905,p,833,l,833,a,NA,10,2,0,0,0,0,0,NA,NA,10,protected,oak_hdwd,b,2021
regen_and_plot_input_2021_cleaning.Rmd,plot_data,campridge,campridge,i,i,99,449,2021,2019,2021,1,2022.04.21,l,p,a,m,m,915,a,NA,l,743,a,NA,p,viti,10,0,0,0,0,0,2,1,NA,10,protected,oak_hdwd,b,2021
regen_and_plot_input_2021_cleaning.Rmd,plot_data,campridge,campridge,i,i,99,490,2021,2019,2021,1,2022.05.12,a,m,a,h,m,915,p,905,p,316,l,833,a,NA,10,3,0,0,0,0,0,2,NA,10,protected,oak_hdwd,b,2021
regen_and_plot_input_2021_cleaning.Rmd,plot_data,campridge,campridge,i,i,99,491,2021,2019,2021,1,2022.05.12,a,l,a,m,l,915,a,NA,p,531,m,833,a,NA,10,2,0,0,0,0,0,2,NA,10,protected,oak_hdwd,b,2021
regen_and_plot_input_2021_cleaning.Rmd,plot_data,campridge,campridge,i,i,99,492,2021,2019,2021,1,2022.05.12,a,l,a,l,p,915,a,NA,h,531,l,833,a,NA,10,1,1,2,0,0,0,2,NA,10,protected,oak_hdwd,b,2021
regen_and_plot_input_2021_cleaning.Rmd,plot_data,campridge,campridge,i,i,99,496,2021,2019,2021,1,2022.05.12,l,m,a,h,l,dilo,p,635,m,743,m,316,a,NA,10,0,0,1,0,0,0,1,"Am I correct that ""loni"" refers to the same species as ""dilo""? Is it native or invasive (or both, as it appears?)",10,protected,oak_hdwd,b,2021
regen_and_plot_input_2021_cleaning.Rmd,plot_data,campridge,campridge,i,i,99,497,2021,2019,2021,1,2022.05.12,a,h,a,h,l,915,a,NA,h,743,m,318,a,NA,10,0,0,2,0,1,0,NA,NA,10,protected,oak_hdwd,b,2021
regen_and_plot_input_2021_cleaning.Rmd,plot_data,campridge,campridge,i,i,99,499,2021,2019,2021,1,2022.05.12,a,l,p,m,m,915,a,NA,l,531,l,833,a,NA,10,3,0,0,0,0,0,1,NA,10,protected,oak_hdwd,b,2021
regen_and_plot_input_2021_cleaning.Rmd,plot_data,campridge,campridge,i,i,99,500,2021,2019,2021,1,2022.05.12,a,l,p,m,m,915,a,NA,l,316,p,833,a,NA,10,2,0,0,0,0,0,1,NA,10,protected,oak_hdwd,b,2021
regen_and_plot_input_2021_cleaning.Rmd,plot_data,campridge,campridge,i,i,99,498,2021,2019,2021,1,2022.05.12,a,m,a,h,l,915,p,905,p,316,l,316,a,NA,10,0,0,1,0,0,0,4,NA,10,protected,oak_hdwd,b,2021
regen_and_plot_input_2021_cleaning.Rmd,plot_data,campridge,campridge,i,i,99,76,2021,2019,2021,1,2022.05.12,p,m,p,h,m,915,a,NA,l,316,p,316,NA,NA,10,1,0,1,0,0,0,1,NA,10,protected,oak_hdwd,b,2021
regen_and_plot_input_2021_cleaning.Rmd,plot_data,campridge,campridge,i,i,99,77,2021,2019,2021,1,2022.05.12,a,m,p,m,h,915,a,NA,p,701,p,318,a,NA,10,0,0,2,0,0,0,1,NA,10,protected,oak_hdwd,b,2021
regen_and_plot_input_2021_cleaning.Rmd,plot_data,campridge,campridge,i,i,99,78,2021,2019,2021,1,2022.05.12,l,m,a,m,l,915,a,NA,l,316,m,407,a,NA,10,3,0,1,0,0,0,1,NA,10,protected,oak_hdwd,b,2021
regen_and_plot_input_2021_cleaning.Rmd,plot_data,campridge,campridge,i,i,99,79,2021,2019,2021,1,2022.05.12,m,m,l,h,m,915,p,635,p,701,a,NA,a,NA,10,0,0,0,0,1,0,2,NA,10,protected,oak_hdwd,b,2021
regen_and_plot_input_2021_cleaning.Rmd,plot_data,campridge,campridge,i,i,99,81,2021,2019,2021,1,2022.05.12,a,l,p,h,m,915,p,635,l,316,a,NA,a,NA,10,0,0,0,0,0,0,2,NA,10,protected,oak_hdwd,b,2021
regen_and_plot_input_2021_cleaning.Rmd,plot_data,campridge,campridge,i,i,99,80,2021,2019,2021,1,2022.05.12,a,p,a,h,r,915,a,NA,p,951,l,318,a,NA,10,0,0,2,0,1,0,1,NA,10,protected,oak_hdwd,b,2021
regen_and_plot_input_2021_cleaning.Rmd,plot_data,campridge,campridge,i,i,99,458,2021,2019,2021,1,2022.05.12,a,m,m,m,m,915,a,NA,m,743,a,NA,a,NA,10,1,0,0,0,0,3,1,NA,10,protected,oak_hdwd,b,2021
regen_and_plot_input_2021_cleaning.Rmd,plot_data,campridge,campridge,i,i,99,450,2021,2019,2021,1,2022.05.13,p,m,a,m,p,915,p,905,m,746,l,129,p,viti,10,0,0,0,0,0,3,1,NA,10,protected,oak_hdwd,b,2021
regen_and_plot_input_2021_cleaning.Rmd,plot_data,campridge,campridge,p,p,99,448,2021,2019,2021,1,2022.05.13,p,p,p,h,l,915,p,905,l,746,p,833,a,NA,10,1,0,0,0,0,1,NA,NA,10,protected,oak_hdwd,b,2021
regen_and_plot_input_2021_cleaning.Rmd,plot_data,campridge,campridge,p,p,99,447,2021,2019,2021,1,2022.05.13,m,p,a,h,p,915,p,905,l,531,a,NA,a,NA,10,0,1,0,0,0,0,1,NA,10,protected,oak_hdwd,b,2021
regen_and_plot_input_2021_cleaning.Rmd,plot_data,campridge,campridge,i,i,99,446,2021,2019,2021,1,2022.05.13,m,l,p,m,l,915,a,NA,m,531,p,833,a,NA,10,1,1,0,0,0,0,2,NA,10,protected,oak_hdwd,b,2021
regen_and_plot_input_2021_cleaning.Rmd,plot_data,campridge,campridge,i,i,99,443,2021,2019,2021,1,2022.05.13,p,p,p,h,m,915,p,905,h,743,a,NA,p,viti,10,0,0,0,0,0,0,1,NA,10,protected,oak_hdwd,b,2021
regen_and_plot_input_2021_cleaning.Rmd,plot_data,campridge,campridge,i,i,99,444,2021,2019,2021,1,2022.05.13,a,p,p,m,h,915,a,905,p,372,a,NA,p,viti,10,0,0,0,0,0,0,1,NA,10,protected,oak_hdwd,b,2021
regen_and_plot_input_2021_cleaning.Rmd,plot_data,campridge,campridge,i,i,99,445,2021,2019,2021,1,2022.05.13,m,l,h,m,p,915,m,905,m,372,p,129,a,NA,10,0,0,0,0,1,2,NA,NA,10,protected,oak_hdwd,b,2021
regen_and_plot_input_2021_cleaning.Rmd,plot_data,campridge,campridge,i,i,99,441,2021,2019,2021,1,2022.05.13,a,l,a,m,m,915,p,905,l,531,m,833,a,NA,10,2,0,0,0,0,0,3,NA,10,protected,oak_hdwd,b,2021
regen_and_plot_input_2021_cleaning.Rmd,plot_data,campridge,campridge,i,i,99,442,2021,2019,2021,1,2022.05.13,a,m,l,m,m,915,a,NA,m,372,a,NA,a,NA,10,0,0,0,0,0,0,1,NA,10,protected,oak_hdwd,b,2021
regen_and_plot_input_2021_cleaning.Rmd,plot_data,campridge,campridge,i,i,99,457,2021,2019,2021,1,2022.05.13,m,l,l,h,m,915,p,635,m,743,p,372,a,NA,10,0,0,0,1,0,0,1,NA,10,protected,oak_hdwd,b,2021
regen_and_plot_input_2021_cleaning.Rmd,plot_data,campridge,campridge,i,i,99,456,2021,2019,2021,1,2022.05.13,p,m,h,m,m,915,l,905,m,372,a,NA,p,viti,10,0,0,0,0,0,0,1,NA,10,protected,oak_hdwd,b,2021
regen_and_plot_input_2021_cleaning.Rmd,plot_data,campridge,campridge,i,i,99,451,2021,2019,2021,1,2022.05.13,a,m,l,h,m,915,a,NA,m,866,a,NA,a,NA,10,0,0,0,0,0,0,2,NA,10,protected,oak_hdwd,b,2021
regen_and_plot_input_2021_cleaning.Rmd,plot_data,campridge,campridge,i,i,99,452,2021,2019,2021,1,2022.05.13,h,p,l,h,l,915,a,NA,l,866,p,316,p,viti,10,0,0,1,0,0,0,2,NA,10,protected,oak_hdwd,b,2021
regen_and_plot_input_2021_cleaning.Rmd,plot_data,campridge,campridge,i,i,99,453,2021,2019,2021,1,2022.05.13,l,m,l,h,m,915,a,635,l,372,a,NA,a,NA,10,1,0,1,0,0,0,NA,NA,10,protected,oak_hdwd,b,2021
regen_and_plot_input_2021_cleaning.Rmd,plot_data,campridge,campridge,i,i,99,454,2021,2019,2021,1,2022.05.13,m,p,a,h,l,915,p,905,l,372,p,833,a,NA,10,6,0,0,0,0,0,1,NA,10,protected,oak_hdwd,b,2021
regen_and_plot_input_2021_cleaning.Rmd,plot_data,campridge,campridge,i,i,99,455,2021,2019,2021,1,2022.05.13,a,p,l,m,m,915,p,905,l,372,a,NA,a,NA,10,2,0,0,0,0,0,1,NA,10,protected,oak_hdwd,b,2021
regen_and_plot_input_2021_cleaning.Rmd,plot_data,decker,decker,i,i,99,210,2021,2020,2021,1,2022.02.24,a,p,m,h,m,915,a,NA,p,316,l,316,a,NA,10,0,0,3,0,0,0,1,NA,10,protected,n_hdwd,b,2021
regen_and_plot_input_2021_cleaning.Rmd,plot_data,decker,decker,i,i,99,211,2021,2020,2021,1,2022.02.24,a,a,a,p,a,NA,a,NA,h,531,h,316,a,NA,10,1,0,9,0,2,0,NA,NA,10,protected,n_hdwd,b,2021
regen_and_plot_input_2021_cleaning.Rmd,plot_data,decker,decker,i,i,99,212,2021,2020,2021,1,2022.02.24,a,a,a,a,a,NA,a,NA,h,531,h,318,a,NA,10,0,4,5,0,3,0,NA,NA,10,protected,n_hdwd,b,2021
regen_and_plot_input_2021_cleaning.Rmd,plot_data,decker,decker,i,i,99,229,2021,2020,2021,1,2022.02.24,a,p,a,m,a,NA,a,NA,h,531,h,531,a,NA,10,0,4,5,0,0,0,NA,NA,10,protected,n_hdwd,b,2021
regen_and_plot_input_2021_cleaning.Rmd,plot_data,decker,decker,i,i,99,213,2021,2020,2021,1,2022.02.24,a,a,p,p,l,viac,a,NA,m,531,l,318,a,NA,10,0,0,1,0,0,0,1,NA,10,protected,n_hdwd,b,2021
regen_and_plot_input_2021_cleaning.Rmd,plot_data,decker,decker,i,i,99,214,2021,2020,2021,1,2022.02.24,a,p,p,h,l,viac,a,NA,m,743,m,318,a,NA,10,3,0,5,0,0,0,NA,NA,10,protected,n_hdwd,b,2021
regen_and_plot_input_2021_cleaning.Rmd,plot_data,decker,decker,i,i,99,215,2021,2020,2021,1,2022.02.24,a,p,l,h,p,915,a,NA,l,531,h,762,a,NA,10,0,0,5,0,4,0,NA,NA,10,protected,n_hdwd,b,2021
regen_and_plot_input_2021_cleaning.Rmd,plot_data,decker,decker,i,i,99,216,2021,2020,2021,1,2022.02.24,l,p,m,h,m,915,a,NA,p,951,a,NA,a,NA,10,0,0,0,0,0,0,NA,NA,10,protected,n_hdwd,b,2021
regen_and_plot_input_2021_cleaning.Rmd,plot_data,decker,decker,i,i,99,228,2021,2020,2021,1,2022.02.24,p,l,p,h,l,915,a,NA,l,701,h,318,a,NA,10,0,0,4,0,1,0,NA,NA,10,protected,n_hdwd,b,2021
regen_and_plot_input_2021_cleaning.Rmd,plot_data,decker,decker,i,i,99,217,2021,2020,2021,1,2022.02.24,p,p,l,h,l,915,p,905,l,951,m,318,a,NA,10,0,0,5,0,0,0,NA,NA,10,protected,n_hdwd,b,2021
regen_and_plot_input_2021_cleaning.Rmd,plot_data,decker,decker,i,i,99,231,2021,2020,2021,1,2022.02.24,a,l,l,m,m,915,a,NA,l,701,h,318,a,NA,10,0,0,7,0,0,0,1,NA,10,protected,n_hdwd,b,2021
regen_and_plot_input_2021_cleaning.Rmd,plot_data,decker,decker,i,i,99,230,2021,2020,2021,1,2022.02.24,a,l,p,m,p,viac,a,NA,l,318,h,318,a,NA,10,1,0,6,0,0,0,1,NA,10,protected,n_hdwd,b,2021
regen_and_plot_input_2021_cleaning.Rmd,plot_data,decker,decker,i,i,99,232,2021,2020,2021,1,2022.03.04,a,m,a,l,l,915,a,NA,p,531,m,318,a,NA,10,3,0,2,0,0,0,NA,NA,10,protected,n_hdwd,b,2021
regen_and_plot_input_2021_cleaning.Rmd,plot_data,decker,decker,i,i,99,233,2021,2020,2021,1,2022.03.04,a,p,p,m,m,915,l,905,l,316,h,316,a,NA,10,0,0,5,0,0,0,3,NA,10,protected,n_hdwd,b,2021
regen_and_plot_input_2021_cleaning.Rmd,plot_data,decker,decker,i,i,99,235,2021,2020,2021,1,2022.03.04,a,l,m,m,p,915,a,NA,a,NA,h,318,a,NA,10,0,0,5,0,1,0,1,NA,10,protected,n_hdwd,b,2021
regen_and_plot_input_2021_cleaning.Rmd,plot_data,decker,decker,i,i,99,218,2021,2020,2021,1,2022.03.04,p,l,m,h,m,915,a,NA,a,NA,l,318,a,NA,10,0,0,3,0,0,0,NA,NA,10,protected,n_hdwd,b,2021
regen_and_plot_input_2021_cleaning.Rmd,plot_data,decker,decker,i,i,99,241,2021,2020,2021,1,2022.03.04,l,l,p,h,m,915,a,NA,p,531,h,318,a,NA,10,0,0,4,0,1,0,NA,NA,10,protected,n_hdwd,b,2021
regen_and_plot_input_2021_cleaning.Rmd,plot_data,decker,decker,i,i,99,240,2021,2020,2021,1,2022.03.04,l,l,m,h,m,915,p,635,l,531,m,318,a,NA,10,0,0,4,0,1,0,NA,NA,10,protected,n_hdwd,b,2021
regen_and_plot_input_2021_cleaning.Rmd,plot_data,decker,decker,i,i,99,234,2021,2020,2021,1,2022.03.11,p,l,m,m,m,915,a,NA,m,531,m,316,m,virginia creeper,10,0,1,6,0,1,0,1,No species code listed for virginia creeper vine,10,protected,n_hdwd,b,2021
regen_and_plot_input_2021_cleaning.Rmd,plot_data,decker,decker,i,i,99,219,2021,2020,2021,1,2022.03.11,a,p,m,m,l,915,a,NA,m,531,m,318,a,NA,10,2,1,3,0,1,1,NA,NA,10,protected,n_hdwd,b,2021
regen_and_plot_input_2021_cleaning.Rmd,plot_data,decker,decker,i,i,99,220,2021,2020,2021,1,2022.03.11,a,p,m,h,m,915,p,905,l,318,m,316,a,NA,10,0,0,4,0,1,0,1,NA,10,protected,n_hdwd,b,2021
regen_and_plot_input_2021_cleaning.Rmd,plot_data,decker,decker,i,i,99,239,2021,2020,2021,1,2022.03.11,a,h,m,m,l,915,a,NA,p,951,l,318,a,NA,10,0,0,6,0,0,0,NA,NA,10,protected,n_hdwd,b,2021
regen_and_plot_input_2021_cleaning.Rmd,plot_data,decker,decker,i,i,99,221,2021,2020,2021,1,2022.03.11,p,l,p,m,m,915,a,NA,p,318,m,318,a,NA,10,0,0,3,0,0,3,1,NA,10,protected,n_hdwd,b,2021
regen_and_plot_input_2021_cleaning.Rmd,plot_data,decker,decker,i,i,99,245,2021,2020,2021,1,2022.03.11,a,p,l,m,p,viac,a,NA,m,531,m,318,a,NA,10,0,0,4,1,1,0,1,NA,10,protected,n_hdwd,b,2021
regen_and_plot_input_2021_cleaning.Rmd,plot_data,decker,decker,i,i,99,238,2021,2020,2021,1,2022.03.11,a,p,p,m,m,915,a,NA,p,951,h,318,a,NA,10,0,0,5,0,2,0,1,NA,10,protected,n_hdwd,b,2021
regen_and_plot_input_2021_cleaning.Rmd,plot_data,decker,decker,i,i,99,237,2021,2020,2021,1,2022.03.11,l,l,l,m,m,915,a,NA,l,372,h,318,a,NA,10,0,0,7,0,0,0,3,"Note made that ""237 has honeysuckle present""",10,protected,n_hdwd,b,2021
regen_and_plot_input_2021_cleaning.Rmd,plot_data,decker,decker,i,i,99,236,2021,2020,2021,1,2022.03.16,p,p,p,h,m,915,a,NA,a,NA,h,318,a,NA,10,0,0,7,0,0,0,1,NA,10,protected,n_hdwd,b,2021
regen_and_plot_input_2021_cleaning.Rmd,plot_data,decker,decker,i,i,99,244,2021,2020,2021,1,2022.03.16,a,l,l,m,m,915,p,635,l,372,h,318,a,NA,10,0,0,3,0,0,0,NA,NA,10,protected,n_hdwd,b,2021
regen_and_plot_input_2021_cleaning.Rmd,plot_data,decker,decker,i,i,99,222,2021,2020,2021,1,2022.03.16,p,l,l,h,m,915,a,NA,l,531,l,318,a,NA,10,0,0,3,0,0,0,NA,NA,10,protected,n_hdwd,b,2021
regen_and_plot_input_2021_cleaning.Rmd,plot_data,decker,decker,i,i,99,223,2021,2020,2021,1,2022.03.16,l,m,h,h,l,915,p,905,p,531,m,318,a,NA,10,0,0,6,0,0,0,1,NA,10,protected,n_hdwd,b,2021
regen_and_plot_input_2021_cleaning.Rmd,plot_data,decker,decker,i,i,99,246,2021,2020,2021,1,2022.03.16,p,l,m,m,m,915,p,635,p,261,h,318,a,NA,10,0,0,5,0,0,1,1,NA,10,protected,n_hdwd,b,2021
regen_and_plot_input_2021_cleaning.Rmd,plot_data,decker,decker,i,i,99,243,2021,2020,2021,1,2022.03.16,a,l,h,h,m,915,a,NA,p,372,l,316,a,NA,10,0,0,5,0,0,0,NA,NA,10,protected,n_hdwd,b,2021
regen_and_plot_input_2021_cleaning.Rmd,plot_data,decker,decker,i,i,99,224,2021,2020,2021,1,2022.03.16,m,l,m,m,m,915,a,NA,p,372,m,318,a,NA,10,0,0,4,0,1,0,1,NA,10,protected,n_hdwd,b,2021
regen_and_plot_input_2021_cleaning.Rmd,plot_data,decker,decker,i,i,99,242,2021,2020,2021,1,2022.03.16,p,l,m,h,m,915,a,NA,l,318,l,318,a,NA,10,0,0,5,0,1,0,NA,NA,10,protected,n_hdwd,b,2021
regen_and_plot_input_2021_cleaning.Rmd,plot_data,decker,decker,i,i,99,225,2021,2020,2021,1,2022.03.16,p,p,m,h,m,915,p,905,a,NA,l,316,a,NA,10,0,0,3,0,0,0,NA,NA,10,protected,n_hdwd,b,2021
regen_and_plot_input_2021_cleaning.Rmd,plot_data,decker,decker,i,i,99,226,2021,2020,2021,1,2022.03.16,l,p,l,m,m,915,a,NA,p,531,m,318,p,viti,10,0,0,7,0,0,0,NA,NA,10,protected,n_hdwd,b,2021
regen_and_plot_input_2021_cleaning.Rmd,plot_data,decker,decker,i,i,99,227,2021,2020,2021,1,2022.03.16,a,l,p,m,p,915,a,NA,l,531,h,318,a,NA,10,0,0,5,0,1,0,1,NA,10,protected,n_hdwd,b,2021
regen_and_plot_input_2021_cleaning.Rmd,plot_data,decker,decker,c,c,99,714,2021,2020,2021,1,2022.05.17,a,p,l,h,l,915,p,905,a,NA,m,318,a,NA,10,0,0,5,0,0,1,2,c = control,0,control,n_hdwd,b,2021
regen_and_plot_input_2021_cleaning.Rmd,plot_data,decker,decker,c,c,99,715,2021,2020,2021,1,2022.05.17,a,p,l,h,l,915,p,905,a,NA,h,318,a,NA,10,0,0,6,0,0,1,1,NA,0,control,n_hdwd,b,2021
regen_and_plot_input_2021_cleaning.Rmd,plot_data,decker,decker,c,c,99,716,2021,2020,2021,1,2022.05.17,a,p,l,h,m,915,p,635,p,318,m,318,a,NA,10,0,0,6,0,1,1,1,NA,0,control,n_hdwd,b,2021
regen_and_plot_input_2021_cleaning.Rmd,plot_data,decker,decker,c,c,99,717,2021,2020,2021,1,2022.05.17,a,p,p,h,h,915,p,635,l,318,m,318,a,NA,10,1,0,5,0,1,0,1,NA,0,control,n_hdwd,b,2021
regen_and_plot_input_2021_cleaning.Rmd,plot_data,decker,decker,c,c,99,718,2021,2020,2021,1,2022.05.17,a,l,l,m,m,915,p,905,p,372,m,318,a,NA,10,0,0,6,0,0,0,NA,NA,0,control,n_hdwd,b,2021
regen_and_plot_input_2021_cleaning.Rmd,plot_data,decker,decker,c,c,99,719,2021,2020,2021,1,2022.05.17,a,l,p,m,p,915,p,635,l,531,h,318,a,NA,10,0,0,5,0,1,1,1,NA,0,control,n_hdwd,b,2021
regen_and_plot_input_2021_cleaning.Rmd,plot_data,decker,decker,c,c,99,720,2021,2020,2021,1,2022.05.17,a,l,a,m,l,915,p,635,p,391,h,318,a,NA,10,0,0,6,0,1,3,NA,NA,0,control,n_hdwd,b,2021
regen_and_plot_input_2021_cleaning.Rmd,plot_data,decker,decker,c,c,99,721,2021,2020,2021,1,2022.05.17,a,l,p,h,m,915,l,905,a,NA,p,318,a,NA,10,0,0,1,0,0,1,1,NA,0,control,n_hdwd,b,2021
regen_and_plot_input_2021_cleaning.Rmd,plot_data,decker,decker,c,c,99,722,2021,2020,2021,1,2022.05.17,p,l,l,h,m,915,p,635,a,NA,h,318,a,NA,10,0,0,4,0,0,0,NA,NA,0,control,n_hdwd,b,2021
regen_and_plot_input_2021_cleaning.Rmd,plot_data,decker,decker,c,c,99,723,2021,2020,2021,1,2022.05.17,a,l,l,m,l,915,a,NA,p,372,m,316,a,NA,10,0,0,4,0,0,0,NA,NA,0,control,n_hdwd,b,2021
regen_and_plot_input_2021_cleaning.Rmd,plot_data,decker,decker,c,c,99,724,2021,2020,2021,1,2022.05.17,a,l,l,m,m,915,a,NA,l,391,h,318,a,NA,10,0,0,5,0,1,0,1,NA,0,control,n_hdwd,b,2021
regen_and_plot_input_2021_cleaning.Rmd,plot_data,decker,decker,c,c,99,725,2021,2020,2021,1,2022.05.17,p,l,l,m,p,915,a,NA,m,261,m,318,a,NA,10,0,0,1,0,1,1,NA,NA,0,control,n_hdwd,b,2021
regen_and_plot_input_2021_cleaning.Rmd,plot_data,decker,decker,c,c,99,726,2021,2020,2021,1,2022.05.17,a,l,a,h,m,915,a,NA,l,391,l,318,a,NA,10,0,0,2,0,2,1,1,NA,0,control,n_hdwd,b,2021
regen_and_plot_input_2021_cleaning.Rmd,plot_data,decker,decker,c,c,99,727,2021,2020,2021,1,2022.05.17,a,m,l,m,l,915,a,NA,l,318,h,318,a,NA,10,0,0,4,0,3,1,NA,NA,0,control,n_hdwd,b,2021
regen_and_plot_input_2021_cleaning.Rmd,plot_data,decker,decker,c,c,99,728,2021,2020,2021,1,2022.05.17,l,p,h,m,l,915,p,635,l,261,m,318,a,NA,10,0,0,2,0,2,2,1,NA,0,control,n_hdwd,b,2021
regen_and_plot_input_2021_cleaning.Rmd,plot_data,gas_line,gas_line,p,p,99,835,2021,2017,2021,5,2022.05.17,a,p,p,h,m,915,a,NA,h,901,p,762,a,NA,10,0,0,1,0,0,1,2,NA,10,protected,n_hdwd,b,2017
regen_and_plot_input_2021_cleaning.Rmd,plot_data,gas_line,gas_line,p,p,99,834,2021,2017,2021,5,2022.05.17,m,p,a,h,p,915,p,635,m,746,a,NA,p,viti,10,0,0,0,0,0,0,1,NA,10,protected,n_hdwd,b,2017
regen_and_plot_input_2021_cleaning.Rmd,plot_data,gas_line,gas_line,p,p,99,833,2021,2017,2021,5,2022.05.17,a,p,a,m,h,915,p,368,m,743,a,NA,a,NA,10,0,0,0,0,0,0,NA,NA,10,protected,n_hdwd,b,2017
regen_and_plot_input_2021_cleaning.Rmd,plot_data,gas_line,gas_line,p,p,99,832,2021,2017,2021,5,2022.05.19,m,p,a,h,l,915,a,NA,l,316,a,NA,a,NA,10,0,0,0,0,0,0,1,NA,10,protected,n_hdwd,b,2017
regen_and_plot_input_2021_cleaning.Rmd,plot_data,gas_line,gas_line,p,p,99,831,2021,2017,2021,5,2022.05.19,a,m,a,p,m,915,a,NA,h,316,p,372,a,NA,10,0,0,0,0,0,0,4,NA,10,protected,n_hdwd,b,2017
regen_and_plot_input_2021_cleaning.Rmd,plot_data,gas_line,gas_line,p,p,99,830,2021,2017,2021,5,2022.05.20,a,l,p,m,l,915,a,NA,h,746,l,833,a,NA,10,3,0,0,0,0,0,3,NA,10,protected,n_hdwd,b,2017
regen_and_plot_input_2021_cleaning.Rmd,plot_data,gas_line,gas_line,i,i,99,836,2021,2017,2021,5,2022.05.20,m,l,a,h,m,915,a,NA,m,318,l,833,a,NA,10,2,0,0,0,0,0,2,NA,10,protected,n_hdwd,b,2017
regen_and_plot_input_2021_cleaning.Rmd,plot_data,gas_line,gas_line,i,i,99,837,2021,2017,2021,5,2022.05.20,p,l,p,h,h,915,a,NA,m,746,p,833,p,viti,10,0,0,0,0,0,0,1,NA,10,protected,n_hdwd,b,2017
regen_and_plot_input_2021_cleaning.Rmd,plot_data,gas_line,gas_line,i,i,99,838,2021,2017,2021,5,2022.05.20,a,l,l,l,m,915,p,534,h,761,a,NA,a,NA,10,0,0,0,0,0,0,NA,NA,10,protected,n_hdwd,b,2017
regen_and_plot_input_2021_cleaning.Rmd,plot_data,gas_line,gas_line,i,i,99,839,2021,2017,2021,5,2022.05.20,a,m,l,m,m,915,a,NA,h,746,a,NA,a,NA,10,0,0,0,0,0,0,3,NA,10,protected,n_hdwd,b,2017
regen_and_plot_input_2021_cleaning.Rmd,plot_data,gas_line,gas_line,p,p,99,829,2021,2017,2021,5,2022.05.20,a,p,a,m,h,915,a,NA,h,746,p,833,a,NA,10,1,0,0,0,0,0,2,NA,10,protected,n_hdwd,b,2017
regen_and_plot_input_2021_cleaning.Rmd,plot_data,gas_line,gas_line,p,p,99,801,2021,2017,2021,5,2022.05.23,a,p,m,h,h,915,a,NA,m,318,a,NA,p,viti,10,0,0,0,0,0,0,3,NA,10,protected,n_hdwd,b,2017
regen_and_plot_input_2021_cleaning.Rmd,plot_data,gas_line,gas_line,p,p,99,802,2021,2017,2021,5,2022.05.23,a,l,p,m,h,915,a,NA,m,951,a,NA,p,lath,10,0,0,0,0,0,0,2,NA,10,protected,n_hdwd,b,2017
regen_and_plot_input_2021_cleaning.Rmd,plot_data,gas_line,gas_line,p,p,99,803,2021,2017,2021,5,2022.05.23,a,l,l,h,h,915,a,NA,m,743,a,NA,a,NA,10,0,0,0,0,0,0,1,NA,10,protected,n_hdwd,b,2017
regen_and_plot_input_2021_cleaning.Rmd,plot_data,gas_line,gas_line,i,i,99,844,2021,2017,2021,5,2022.05.23,l,h,m,m,h,915,a,NA,m,951,a,NA,a,NA,10,0,0,0,0,0,0,2,NA,10,protected,n_hdwd,b,2017
regen_and_plot_input_2021_cleaning.Rmd,plot_data,gas_line,gas_line,i,i,99,843,2021,2017,2021,5,2022.05.23,a,m,m,l,h,915,a,NA,h,761,a,NA,a,NA,10,0,0,0,0,0,0,NA,NA,10,protected,n_hdwd,b,2017
regen_and_plot_input_2021_cleaning.Rmd,plot_data,gas_line,gas_line,i,i,99,842,2021,2017,2021,5,2022.05.23,a,l,a,l,h,915,a,NA,h,762,a,NA,a,NA,10,0,0,0,0,0,0,2,NA,10,protected,n_hdwd,b,2017
regen_and_plot_input_2021_cleaning.Rmd,plot_data,gas_line,gas_line,i,i,99,845,2021,2017,2021,5,2022.05.24,p,l,h,m,h,915,a,NA,m,866,a,NA,p,viti,10,0,0,0,0,0,0,1,NA,10,protected,n_hdwd,b,2017
regen_and_plot_input_2021_cleaning.Rmd,plot_data,gas_line,gas_line,p,p,99,804,2021,2017,2021,5,2022.05.24,a,a,m,h,m,915,l,905,m,541,a,NA,p,viti,10,0,0,0,0,0,0,1,NA,10,protected,n_hdwd,b,2017
regen_and_plot_input_2021_cleaning.Rmd,plot_data,gas_line,gas_line,p,p,99,805,2021,2017,2021,5,2022.05.24,a,p,m,m,m,915,a,NA,h,866,a,NA,a,NA,10,0,0,0,0,0,0,1,NA,10,protected,n_hdwd,b,2017
regen_and_plot_input_2021_cleaning.Rmd,plot_data,gas_line,gas_line,i,i,99,853,2021,2017,2021,5,2022.05.24,a,m,h,m,h,915,a,NA,h,541,a,NA,m,buck,10,0,0,0,0,0,0,1,NA,10,protected,n_hdwd,b,2017
regen_and_plot_input_2021_cleaning.Rmd,plot_data,gas_line,gas_line,i,i,99,854,2021,2017,2021,5,2022.05.24,a,p,p,l,m,915,a,NA,m,531,a,NA,m,buck,10,0,0,0,0,0,0,NA,NA,10,protected,n_hdwd,b,2017
regen_and_plot_input_2021_cleaning.Rmd,plot_data,gas_line,gas_line,p,p,99,806,2021,2017,2021,5,2022.05.24,a,p,l,p,h,915,a,NA,h,761,a,NA,m,viti,10,0,0,0,0,0,0,2,NA,10,protected,n_hdwd,b,2017
regen_and_plot_input_2021_cleaning.Rmd,plot_data,gas_line,gas_line,p,p,99,807,2021,2017,2021,5,2022.05.24,p,p,m,m,h,915,a,NA,m,761,a,NA,a,NA,10,0,0,0,0,0,0,2,NA,10,protected,n_hdwd,b,2017
regen_and_plot_input_2021_cleaning.Rmd,plot_data,gas_line,gas_line,p,p,99,808,2021,2017,2021,5,2022.05.24,a,p,l,l,l,915,p,635,h,372,l,318,a,NA,10,0,0,1,0,0,0,1,NA,10,protected,n_hdwd,b,2017
regen_and_plot_input_2021_cleaning.Rmd,plot_data,gas_line,gas_line,p,p,99,809,2021,2017,2021,5,2022.05.25,a,a,p,l,h,915,a,NA,h,866,l,318,a,NA,10,0,0,2,0,0,0,1,NA,10,protected,n_hdwd,b,2017
regen_and_plot_input_2021_cleaning.Rmd,plot_data,gas_line,gas_line,p,p,99,810,2021,2017,2021,5,2022.05.25,a,p,p,a,p,915,a,NA,h,531,p,531,a,NA,10,0,0,0,0,0,0,2,NA,10,protected,n_hdwd,b,2017
regen_and_plot_input_2021_cleaning.Rmd,plot_data,gas_line,gas_line,i,i,99,865,2021,2017,2021,5,2022.05.25,a,p,l,m,h,915,a,NA,m,372,a,NA,p,viti,10,0,0,1,0,0,0,2,NA,10,protected,n_hdwd,b,2017
regen_and_plot_input_2021_cleaning.Rmd,plot_data,gas_line,gas_line,i,i,99,855,2021,2017,2021,5,2022.05.25,a,l,h,m,h,915,p,635,m,866,p,318,a,NA,10,0,0,1,0,0,0,1,NA,10,protected,n_hdwd,b,2017
regen_and_plot_input_2021_cleaning.Rmd,plot_data,gas_line,gas_line,p,p,99,813,2021,2017,2021,5,2022.05.25,p,p,l,h,h,915,a,NA,h,866,a,NA,l,viti,10,0,0,0,0,0,0,1,NA,10,protected,n_hdwd,b,2017
regen_and_plot_input_2021_cleaning.Rmd,plot_data,gas_line,gas_line,p,p,99,812,2021,2017,2021,5,2022.05.25,p,l,l,m,m,915,a,NA,h,866,a,NA,p,viti,10,0,0,0,0,0,0,1,NA,10,protected,n_hdwd,b,2017
regen_and_plot_input_2021_cleaning.Rmd,plot_data,gas_line,gas_line,p,p,99,811,2021,2017,2021,5,2022.05.25,a,p,p,p,p,915,a,NA,h,372,a,NA,a,NA,10,0,0,0,0,0,0,NA,NA,10,protected,n_hdwd,b,2017
regen_and_plot_input_2021_cleaning.Rmd,plot_data,gas_line,gas_line,i,i,99,875,2021,2017,2021,5,2022.05.25,a,l,m,m,h,915,a,NA,m,866,l,318,p,viti,10,0,0,1,0,0,0,3,NA,10,protected,n_hdwd,b,2017
regen_and_plot_input_2021_cleaning.Rmd,plot_data,gas_line,gas_line,i,i,99,874,2021,2017,2021,5,2022.05.25,a,h,l,h,h,915,a,NA,l,866,a,NA,a,NA,10,0,0,0,0,0,0,NA,NA,10,protected,n_hdwd,b,2017
regen_and_plot_input_2021_cleaning.Rmd,plot_data,gas_line,gas_line,i,i,99,852,2021,2017,2021,5,2022.05.26,a,l,h,m,m,915,a,NA,m,541,a,l,buck,NA,10,0,0,0,0,0,0,1,NA,10,protected,n_hdwd,b,2017
regen_and_plot_input_2021_cleaning.Rmd,plot_data,gas_line,gas_line,i,i,99,846,2021,2017,2021,5,2022.05.26,a,p,l,h,h,915,a,NA,m,318,a,a,NA,NA,10,0,0,1,0,0,0,NA,NA,10,protected,n_hdwd,b,2017
regen_and_plot_input_2021_cleaning.Rmd,plot_data,gas_line,gas_line,i,i,99,841,2021,2017,2021,5,2022.05.26,a,m,h,m,h,915,a,NA,m,716,l,a,NA,NA,10,1,0,2,0,0,0,NA,NA,10,protected,n_hdwd,b,2017
regen_and_plot_input_2021_cleaning.Rmd,plot_data,gas_line,gas_line,i,i,99,840,2021,2017,2021,5,2022.05.26,a,h,a,l,l,915,a,NA,h,746,l,a,NA,NA,10,1,0,0,0,1,0,2,NA,10,protected,n_hdwd,b,2017
regen_and_plot_input_2021_cleaning.Rmd,plot_data,gas_line,gas_line,p,p,99,828,2021,2017,2021,5,2022.05.26,a,p,a,m,m,915,a,NA,h,746,a,p,viti,NA,10,0,0,0,0,0,0,3,NA,10,protected,n_hdwd,b,2017
regen_and_plot_input_2021_cleaning.Rmd,plot_data,gas_line,gas_line,p,p,99,827,2021,2017,2021,5,2022.05.26,a,l,a,h,h,915,a,NA,m,746,a,a,NA,NA,10,0,0,0,0,0,0,1,NA,10,protected,n_hdwd,b,2017
regen_and_plot_input_2021_cleaning.Rmd,plot_data,gas_line,gas_line,i,i,99,848,2021,2017,2021,5,2022.05.26,l,p,p,h,p,915,a,NA,m,746,a,p,buck,NA,10,0,0,0,0,0,0,2,NA,10,protected,n_hdwd,b,2017
regen_and_plot_input_2021_cleaning.Rmd,plot_data,gas_line,gas_line,i,i,99,847,2021,2017,2021,5,2022.05.26,a,m,p,h,h,915,a,NA,h,866,a,l,buck,NA,10,0,0,0,0,0,0,1,NA,10,protected,n_hdwd,b,2017
regen_and_plot_input_2021_cleaning.Rmd,plot_data,gas_line,gas_line,i,i,99,851,2021,2017,2021,5,2022.06.01,a,p,l,h,h,915,a,NA,h,541,l,318,l,viti,10,0,0,2,0,0,0,1,NA,10,protected,n_hdwd,b,2017
regen_and_plot_input_2021_cleaning.Rmd,plot_data,gas_line,gas_line,i,i,99,850,2021,2017,2021,5,2022.06.01,a,p,m,h,h,915,a,NA,m,372,p,833,l,viti,10,1,0,0,0,0,0,1,NA,10,protected,n_hdwd,b,2017
regen_and_plot_input_2021_cleaning.Rmd,plot_data,gas_line,gas_line,i,i,99,849,2021,2017,2021,5,2022.06.01,a,m,p,l,h,915,a,NA,h,761,p,318,m,buck,10,0,0,1,0,0,0,NA,NA,10,protected,n_hdwd,b,2017
regen_and_plot_input_2021_cleaning.Rmd,plot_data,gas_line,gas_line,p,p,99,826,2021,2017,2021,5,2022.06.01,p,p,l,h,h,915,a,NA,m,372,a,NA,a,NA,10,0,0,0,0,0,0,2,NA,10,protected,n_hdwd,b,2017
regen_and_plot_input_2021_cleaning.Rmd,plot_data,gas_line,gas_line,p,p,99,825,2021,2017,2021,5,2022.06.01,a,p,p,m,h,915,a,NA,h,761,a,NA,a,NA,10,1,0,0,0,0,0,NA,NA,10,protected,n_hdwd,b,2017
regen_and_plot_input_2021_cleaning.Rmd,plot_data,gas_line,gas_line,p,p,99,824,2021,2017,2021,5,2022.06.01,a,a,l,m,h,915,a,NA,h,761,a,NA,p,viti,10,0,0,0,0,0,0,NA,NA,10,protected,n_hdwd,b,2017
regen_and_plot_input_2021_cleaning.Rmd,plot_data,gas_line,gas_line,p,p,99,823,2021,2017,2021,5,2022.06.01,m,p,p,h,h,915,a,NA,h,743,a,NA,a,NA,10,0,0,0,0,0,0,1,NA,10,protected,n_hdwd,b,2017
regen_and_plot_input_2021_cleaning.Rmd,plot_data,gas_line,gas_line,p,p,99,822,2021,2017,2021,5,2022.06.01,m,a,a,h,l,915,a,NA,m,375,l,833,a,NA,10,1,0,1,0,0,0,2,NA,10,protected,n_hdwd,b,2017
regen_and_plot_input_2021_cleaning.Rmd,plot_data,gas_line,gas_line,p,p,99,821,2021,2017,2021,5,2022.06.01,a,l,l,h,h,dilo,a,NA,h,761,p,833,l,viti,10,2,0,0,0,0,0,NA,NA,10,protected,n_hdwd,b,2017
regen_and_plot_input_2021_cleaning.Rmd,plot_data,gas_line,gas_line,i,i,99,867,2021,2017,2021,5,2022.06.03,a,a,m,l,h,915,a,NA,m,372,a,NA,p,viti,10,0,0,0,0,0,0,2,NA,10,protected,n_hdwd,b,2017
regen_and_plot_input_2021_cleaning.Rmd,plot_data,gas_line,gas_line,i,i,99,868,2021,2017,2021,5,2022.06.03,a,m,l,l,h,915,a,NA,h,866,a,NA,p,viti,10,0,0,0,0,0,0,NA,NA,10,protected,n_hdwd,b,2017
regen_and_plot_input_2021_cleaning.Rmd,plot_data,gas_line,gas_line,i,i,99,869,2021,2017,2021,5,2022.06.03,a,a,l,m,h,915,a,NA,h,866,l,531,l,viti,10,0,1,0,0,0,0,1,NA,10,protected,n_hdwd,b,2017
regen_and_plot_input_2021_cleaning.Rmd,plot_data,gas_line,gas_line,i,i,99,873,2021,2017,2021,5,2022.06.03,a,l,m,m,h,915,a,NA,l,866,p,318,l,viti,10,0,0,1,0,0,0,NA,NA,10,protected,n_hdwd,b,2017
regen_and_plot_input_2021_cleaning.Rmd,plot_data,gas_line,gas_line,i,i,99,876,2021,2017,2021,5,2022.06.03,a,m,m,m,h,915,a,NA,m,866,a,NA,a,NA,10,0,0,0,0,0,0,1,NA,10,protected,n_hdwd,b,2017
regen_and_plot_input_2021_cleaning.Rmd,plot_data,gas_line,gas_line,p,p,99,814,2021,2017,2021,5,2022.06.03,a,l,l,m,h,915,a,NA,m,866,p,318,a,NA,10,1,0,1,0,0,0,NA,NA,10,protected,n_hdwd,b,2017
regen_and_plot_input_2021_cleaning.Rmd,plot_data,gas_line,gas_line,i,i,99,877,2021,2017,2021,5,2022.06.03,a,l,m,m,h,dilo,a,NA,m,761,m,316,a,NA,10,1,0,1,0,0,0,1,NA,10,protected,n_hdwd,b,2017
regen_and_plot_input_2021_cleaning.Rmd,plot_data,gas_line,gas_line,p,p,99,815,2021,2017,2021,5,2022.06.03,l,p,m,m,h,915,a,NA,h,761,a,NA,p,viti,10,0,0,0,0,0,0,NA,NA,10,protected,n_hdwd,b,2017
regen_and_plot_input_2021_cleaning.Rmd,plot_data,gas_line,gas_line,i,i,99,872,2021,2017,2021,5,2022.06.06,a,m,h,l,h,915,a,NA,h,761,a,NA,p,viti,10,0,0,0,0,0,0,1,NA,10,protected,n_hdwd,b,2017
regen_and_plot_input_2021_cleaning.Rmd,plot_data,gas_line,gas_line,i,i,99,878,2021,2017,2021,5,2022.06.06,a,l,m,m,m,915,a,NA,m,743,a,NA,l,lath,10,1,0,0,0,0,0,1,NA,10,protected,n_hdwd,b,2017
regen_and_plot_input_2021_cleaning.Rmd,plot_data,gas_line,gas_line,p,p,99,816,2021,2017,2021,5,2022.06.06,a,p,p,l,h,dilo,a,NA,h,761,a,NA,a,NA,10,0,0,0,0,0,0,1,NA,10,protected,n_hdwd,b,2017
regen_and_plot_input_2021_cleaning.Rmd,plot_data,gas_line,gas_line,p,p,99,817,2021,2017,2021,5,2022.06.06,a,l,p,m,m,915,a,NA,h,743,p,833,l,viti,10,3,0,0,0,0,0,3,NA,10,protected,n_hdwd,b,2017
regen_and_plot_input_2021_cleaning.Rmd,plot_data,gas_line,gas_line,p,p,99,818,2021,2017,2021,5,2022.06.06,a,p,p,m,h,915,a,NA,h,761,a,NA,a,NA,10,1,0,0,0,1,0,1,NA,10,protected,n_hdwd,b,2017
regen_and_plot_input_2021_cleaning.Rmd,plot_data,gas_line,gas_line,p,p,99,819,2021,2017,2021,5,2022.06.06,a,m,p,p,m,915,a,NA,h,761,p,833,a,NA,10,1,0,0,0,0,0,1,NA,10,protected,n_hdwd,b,2017
regen_and_plot_input_2021_cleaning.Rmd,plot_data,gas_line,gas_line,p,p,99,820,2021,2017,2021,5,2022.06.06,a,p,p,m,h,915,a,NA,h,761,a,NA,a,NA,10,0,0,1,0,0,0,2,NA,10,protected,n_hdwd,b,2017
regen_and_plot_input_2021_cleaning.Rmd,plot_data,gas_line,gas_line,i,i,99,879,2021,2017,2021,5,2022.06.06,a,l,p,j,m,915,a,NA,h,761,p,833,a,NA,10,2,0,0,0,0,0,1,NA,10,protected,n_hdwd,b,2017
regen_and_plot_input_2021_cleaning.Rmd,plot_data,gas_line,gas_line,i,i,99,871,2021,2017,2021,5,2022.06.06,a,l,p,m,h,915,a,NA,m,866,p,318,a,NA,10,0,0,1,0,0,0,1,NA,10,protected,n_hdwd,b,2017
regen_and_plot_input_2021_cleaning.Rmd,plot_data,gas_line,gas_line,i,i,99,870,2021,2017,2021,5,2022.06.06,p,m,m,l,h,915,a,NA,h,743,a,NA,a,NA,10,0,0,0,0,0,0,NA,NA,10,protected,n_hdwd,b,2017
regen_and_plot_input_2021_cleaning.Rmd,plot_data,gas_line,gas_line,i,i,99,859,2021,2017,2021,5,2022.06.06,a,p,l,m,h,915,a,NA,h,761,a,NA,m,buck,10,0,0,0,0,0,0,1,NA,10,protected,n_hdwd,b,2017
regen_and_plot_input_2021_cleaning.Rmd,plot_data,gas_line,gas_line,i,i,99,860,2021,2017,2021,5,2022.06.07,l,l,l,h,m,915,a,NA,m,743,p,318,a,NA,10,0,0,1,0,0,0,1,NA,10,protected,n_hdwd,b,2017
regen_and_plot_input_2021_cleaning.Rmd,plot_data,gas_line,gas_line,i,i,99,858,2021,2017,2021,5,2022.06.07,a,p,m,h,m,915,a,NA,m,743,l,318,p,buck,10,0,0,2,0,0,0,1,NA,10,protected,n_hdwd,b,2017
regen_and_plot_input_2021_cleaning.Rmd,plot_data,gas_line,gas_line,i,i,99,861,2021,2017,2021,5,2022.06.07,a,l,l,h,h,915,a,NA,h,761,a,NA,a,NA,10,0,0,1,0,0,0,1,NA,10,protected,n_hdwd,b,2017
regen_and_plot_input_2021_cleaning.Rmd,plot_data,gas_line,gas_line,i,i,99,857,2021,2017,2021,5,2022.06.07,a,p,h,l,h,915,a,NA,m,866,a,NA,l,buck,10,0,0,1,0,0,0,1,NA,10,protected,n_hdwd,b,2017
regen_and_plot_input_2021_cleaning.Rmd,plot_data,gas_line,gas_line,i,i,99,862,2021,2017,2021,5,2022.06.07,l,h,m,m,h,915,a,NA,l,541,a,NA,a,NA,10,0,0,0,0,0,0,1,NA,10,protected,n_hdwd,b,2017
regen_and_plot_input_2021_cleaning.Rmd,plot_data,gas_line,gas_line,i,i,99,863,2021,2017,2021,5,2022.06.07,a,p,l,h,h,915,p,905,m,866,a,NA,p,viti,10,0,0,0,0,0,0,3,NA,10,protected,n_hdwd,b,2017
regen_and_plot_input_2021_cleaning.Rmd,plot_data,gas_line,gas_line,i,i,99,856,2021,2017,2021,5,2022.06.07,m,l,m,h,m,915,a,NA,m,866,p,318,l,buck,10,0,0,1,0,0,0,1,NA,10,protected,n_hdwd,b,2017
regen_and_plot_input_2021_cleaning.Rmd,plot_data,gas_line,gas_line,c,c,99,729,2021,2017,2021,5,2022.06.08,p,l,p,h,l,915,a,NA,l,316,l,833,a,NA,10,3,0,0,0,0,0,1,NA,0,control,n_hdwd,b,2017
regen_and_plot_input_2021_cleaning.Rmd,plot_data,gas_line,gas_line,c,c,99,730,2021,2017,2021,5,2022.06.08,p,m,l,h,h,915,a,NA,m,531,m,833,p,viti,10,2,0,0,0,0,0,2,NA,0,control,n_hdwd,b,2017
regen_and_plot_input_2021_cleaning.Rmd,plot_data,gas_line,gas_line,c,c,99,731,2021,2017,2021,5,2022.06.08,p,m,a,h,h,915,a,NA,m,316,l,833,p,viti,10,2,0,0,0,0,0,2,NA,0,control,n_hdwd,b,2017
regen_and_plot_input_2021_cleaning.Rmd,plot_data,gas_line,gas_line,c,c,99,732,2021,2017,2021,5,2022.06.08,p,h,p,l,h,915,a,NA,l,316,p,833,a,NA,10,1,0,0,0,0,0,1,NA,0,control,n_hdwd,b,2017
regen_and_plot_input_2021_cleaning.Rmd,plot_data,gas_line,gas_line,c,c,99,733,2021,2017,2021,5,2022.06.08,a,m,l,m,h,915,a,NA,m,316,l,833,a,NA,10,2,0,0,0,0,0,1,NA,0,control,n_hdwd,b,2017
regen_and_plot_input_2021_cleaning.Rmd,plot_data,gas_line,gas_line,c,c,99,734,2021,2017,2021,5,2022.06.10,a,l,l,h,l,915,a,NA,p,355,m,833,a,NA,10,4,0,0,0,0,0,3,NA,0,control,n_hdwd,b,2017
regen_and_plot_input_2021_cleaning.Rmd,plot_data,gas_line,gas_line,c,c,99,735,2021,2017,2021,5,2022.06.10,p,l,l,h,l,915,a,NA,m,746,l,833,l,conv,10,3,0,0,0,0,0,1,NA,0,control,n_hdwd,b,2017
regen_and_plot_input_2021_cleaning.Rmd,plot_data,gas_line,gas_line,c,c,99,736,2021,2017,2021,5,2022.06.10,m,l,p,h,h,915,a,NA,m,316,l,833,a,NA,10,1,0,0,0,0,0,NA,NA,0,control,n_hdwd,b,2017
regen_and_plot_input_2021_cleaning.Rmd,plot_data,gas_line,gas_line,c,c,99,737,2021,2017,2021,5,2022.06.10,p,l,p,h,l,915,a,NA,m,316,l,833,a,NA,10,2,0,0,0,0,1,2,NA,0,control,n_hdwd,b,2017
regen_and_plot_input_2021_cleaning.Rmd,plot_data,gas_line,gas_line,c,c,99,738,2021,2017,2021,5,2022.06.10,l,m,p,h,l,786,a,NA,m,833,h,833,a,NA,10,4,0,0,0,0,1,3,NA,0,control,n_hdwd,b,2017
regen_and_plot_input_2021_cleaning.Rmd,plot_data,gas_line,gas_line,c,c,99,739,2021,2017,2021,5,2022.06.10,p,l,m,m,m,915,a,NA,m,315,m,833,a,NA,10,6,0,0,0,0,0,1,NA,0,control,n_hdwd,b,2017
regen_and_plot_input_2021_cleaning.Rmd,plot_data,gas_line,gas_line,c,c,99,740,2021,2017,2021,5,2022.06.10,p,m,a,l,m,915,a,NA,l,372,l,833,a,NA,10,3,0,0,0,0,0,1,NA,0,control,n_hdwd,b,2017
regen_and_plot_input_2021_cleaning.Rmd,plot_data,gas_line,gas_line,c,c,99,741,2021,2017,2021,5,2022.06.10,a,l,m,m,m,915,a,NA,l,316,h,833,a,NA,10,5,0,0,0,0,0,1,NA,0,control,n_hdwd,b,2017
regen_and_plot_input_2021_cleaning.Rmd,plot_data,gas_line,gas_line,c,c,99,742,2021,2017,2021,5,2022.06.10,a,l,l,m,l,915,a,NA,l,316,h,833,a,NA,10,7,0,0,0,0,0,1,NA,0,control,n_hdwd,b,2017
regen_and_plot_input_2021_cleaning.Rmd,plot_data,gas_line,gas_line,c,c,99,743,2021,2017,2021,5,2022.06.10,p,l,p,m,h,915,a,NA,l,372,l,833,a,NA,10,2,0,0,0,0,0,NA,NA,0,control,n_hdwd,b,2017
regen_and_plot_input_2021_cleaning.Rmd,plot_data,gas_line,gas_line,c,c,99,744,2021,2017,2021,5,2022.06.10,l,m,p,h,m,915,a,NA,l,372,p,833,a,NA,10,2,0,0,0,1,0,1,NA,0,control,n_hdwd,b,2017
regen_and_plot_input_2021_cleaning.Rmd,plot_data,gas_line,gas_line,c,c,99,745,2021,2017,2021,5,2022.06.10,a,l,m,m,m,915,a,NA,l,315,p,531,a,NA,10,1,0,0,0,1,0,1,NA,0,control,n_hdwd,b,2017
regen_and_plot_input_2021_cleaning.Rmd,plot_data,recknagel,recknagel_south,p,p,99,135,2021,2020,2021,1,2022.06.30,a,l,p,h,m,915,a,NA,m,701,m,316,a,NA,10,2,0,2,0,0,0,2,NA,10,protected,oak_hdwd,b,2021
regen_and_plot_input_2021_cleaning.Rmd,plot_data,recknagel,recknagel_south,p,p,99,136,2021,2020,2021,1,2022.06.30,a,l,l,h,m,915,a,NA,p,316,p,318,a,NA,10,1,0,1,0,0,0,2,NA,10,protected,oak_hdwd,b,2021
regen_and_plot_input_2021_cleaning.Rmd,plot_data,recknagel,recknagel_south,p,p,99,137,2021,2020,2021,1,2022.06.30,a,l,a,h,l,915,a,NA,p,316,m,833,a,NA,10,3,0,0,0,0,0,2,NA,10,protected,oak_hdwd,b,2021
regen_and_plot_input_2021_cleaning.Rmd,plot_data,recknagel,recknagel_south,p,p,99,138,2021,2020,2021,1,2022.06.30,a,l,p,l,h,915,a,NA,m,866,p,833,l,viti,10,0,0,2,0,0,0,2,NA,10,protected,oak_hdwd,b,2021
regen_and_plot_input_2021_cleaning.Rmd,plot_data,recknagel,recknagel_south,p,p,99,152,2021,2020,2021,1,2022.06.30,a,p,a,h,h,915,a,NA,p,316,a,NA,a,NA,10,1,0,0,0,0,0,3,NA,10,protected,oak_hdwd,b,2021
regen_and_plot_input_2021_cleaning.Rmd,plot_data,recknagel,recknagel_south,p,p,99,139,2021,2020,2021,1,2022.06.30,a,p,a,l,h,915,a,NA,p,866,l,833,m,viti,10,3,0,0,0,0,0,2,NA,10,protected,oak_hdwd,b,2021
regen_and_plot_input_2021_cleaning.Rmd,plot_data,recknagel,recknagel_south,p,p,99,140,2021,2020,2021,1,2022.06.30,a,p,p,p,h,915,a,NA,p,318,p,833,h,viti,10,3,0,0,0,0,0,1,NA,10,protected,oak_hdwd,b,2021
regen_and_plot_input_2021_cleaning.Rmd,plot_data,recknagel,recknagel_south,p,p,99,141,2021,2020,2021,1,2022.06.30,p,l,a,m,h,915,a,NA,p,316,m,833,m,viti,10,4,0,0,0,0,0,2,NA,10,protected,oak_hdwd,b,2021
regen_and_plot_input_2021_cleaning.Rmd,plot_data,recknagel,recknagel_south,p,p,99,142,2021,2020,2021,1,2022.06.30,l,p,l,m,m,915,a,NA,p,316,m,833,p,viti,10,4,0,0,0,0,0,4,NA,10,protected,oak_hdwd,b,2021
regen_and_plot_input_2021_cleaning.Rmd,plot_data,recknagel,recknagel_south,p,p,99,143,2021,2020,2021,1,2022.06.30,a,l,p,h,m,915,a,NA,p,701,h,318,p,viti,10,3,0,2,0,0,0,1,NA,10,protected,oak_hdwd,b,2021
regen_and_plot_input_2021_cleaning.Rmd,plot_data,recknagel,recknagel_south,i,i,99,172,2021,2020,2021,1,2022.06.30,a,l,a,h,m,915,a,NA,p,701,h,833,l,viti,10,7,0,0,0,1,0,1,NA,10,protected,oak_hdwd,b,2021
regen_and_plot_input_2021_cleaning.Rmd,plot_data,recknagel,recknagel_south,p,p,99,144,2021,2020,2021,1,2022.06.30,p,p,a,h,p,915,a,NA,p,866,m,833,a,NA,10,3,0,0,0,0,0,2,NA,10,protected,oak_hdwd,b,2021
regen_and_plot_input_2021_cleaning.Rmd,plot_data,recknagel,recknagel_south,p,p,99,145,2021,2020,2021,1,2022.06.30,a,l,l,h,m,915,p,635,l,701,l,318,a,NA,10,2,0,2,0,2,0,3,NA,10,protected,oak_hdwd,b,2021
regen_and_plot_input_2021_cleaning.Rmd,plot_data,recknagel,recknagel_south,i,i,99,153,2021,2020,2021,1,2022.07.11,a,p,m,h,l,viac,a,NA,l,316,h,833,a,NA,10,6,0,1,0,0,0,3,NA,10,protected,oak_hdwd,b,2021
regen_and_plot_input_2021_cleaning.Rmd,plot_data,recknagel,recknagel_south,i,i,99,154,2021,2020,2021,1,2022.07.11,p,l,p,h,l,915,a,NA,p,701,l,833,p,viti,10,3,0,0,0,1,1,1,NA,10,protected,oak_hdwd,b,2021
regen_and_plot_input_2021_cleaning.Rmd,plot_data,recknagel,recknagel_south,i,i,99,155,2021,2020,2021,1,2022.07.11,a,l,p,l,h,915,a,NA,l,318,l,129,l,viti,10,0,0,0,0,0,0,1,NA,10,protected,oak_hdwd,b,2021
regen_and_plot_input_2021_cleaning.Rmd,plot_data,recknagel,recknagel_south,i,i,99,156,2021,2020,2021,1,2022.07.11,a,p,a,h,l,915,a,NA,p,866,a,NA,l,viti,10,0,0,0,0,0,0,2,NA,10,protected,oak_hdwd,b,2021
regen_and_plot_input_2021_cleaning.Rmd,plot_data,recknagel,recknagel_south,i,i,99,157,2021,2020,2021,1,2022.07.11,l,m,a,h,m,915,p,535,l,318,l,318,l,viti,10,0,0,1,0,1,0,1,NA,10,protected,oak_hdwd,b,2021
regen_and_plot_input_2021_cleaning.Rmd,plot_data,recknagel,recknagel_south,i,i,99,158,2021,2020,2021,1,2022.07.11,a,l,a,l,m,915,a,NA,p,372,l,833,l,viti,10,4,0,1,0,0,0,1,NA,10,protected,oak_hdwd,b,2021
regen_and_plot_input_2021_cleaning.Rmd,plot_data,recknagel,recknagel_south,i,i,99,164,2021,2020,2021,1,2022.07.11,a,l,p,m,m,915,a,NA,p,316,m,833,l,viti,10,5,0,0,0,0,0,2,NA,10,protected,oak_hdwd,b,2021
regen_and_plot_input_2021_cleaning.Rmd,plot_data,recknagel,recknagel_south,i,i,99,170,2021,2020,2021,1,2022.07.11,a,p,p,l,h,915,a,NA,p,316,m,833,p,viti,10,2,0,0,0,0,0,2,NA,10,protected,oak_hdwd,b,2021
regen_and_plot_input_2021_cleaning.Rmd,plot_data,recknagel,recknagel_south,i,i,99,171,2021,2020,2021,1,2022.07.11,p,l,a,h,p,915,a,NA,l,316,m,833,p,viti,10,1,0,2,0,1,0,1,NA,10,protected,oak_hdwd,b,2021
regen_and_plot_input_2021_cleaning.Rmd,plot_data,recknagel,recknagel_south,p,p,99,146,2021,2020,2021,1,2022.07.11,a,p,a,h,l,915,a,NA,l,316,p,407,p,viti,10,2,0,0,0,0,0,3,NA,10,protected,oak_hdwd,b,2021
regen_and_plot_input_2021_cleaning.Rmd,plot_data,recknagel,recknagel_south,p,p,99,147,2021,2020,2021,1,2022.07.11,a,p,a,h,m,915,a,NA,p,372,p,833,p,viti,10,4,0,0,0,0,0,2,NA,10,protected,oak_hdwd,b,2021
regen_and_plot_input_2021_cleaning.Rmd,plot_data,recknagel,recknagel_south,p,p,99,148,2021,2020,2021,1,2022.07.11,p,p,p,h,m,915,a,NA,l,316,h,316,a,NA,10,1,0,3,0,0,0,1,NA,10,protected,oak_hdwd,b,2021
regen_and_plot_input_2021_cleaning.Rmd,plot_data,recknagel,recknagel_south,p,p,99,149,2021,2020,2021,1,2022.07.11,p,p,a,h,m,915,a,NA,l,316,l,833,a,NA,10,2,0,1,0,0,0,2,NA,10,protected,oak_hdwd,b,2021
regen_and_plot_input_2021_cleaning.Rmd,plot_data,recknagel,recknagel_south,i,i,99,159,2021,2020,2021,1,2022.07.12,a,m,a,h,m,915,a,NA,p,316,h,833,a,NA,10,5,0,0,0,0,0,4,NA,10,protected,oak_hdwd,b,2021
regen_and_plot_input_2021_cleaning.Rmd,plot_data,recknagel,recknagel_south,i,i,99,160,2021,2020,2021,1,2022.07.12,a,h,p,h,m,915,a,NA,l,316,m,833,l,viti,10,4,0,0,0,0,0,2,NA,10,protected,oak_hdwd,b,2021
regen_and_plot_input_2021_cleaning.Rmd,plot_data,recknagel,recknagel_south,i,i,99,161,2021,2020,2021,1,2022.07.12,p,h,p,h,m,915,a,NA,p,316,m,833,p,viti,10,4,0,0,0,0,0,3,NA,10,protected,oak_hdwd,b,2021
regen_and_plot_input_2021_cleaning.Rmd,plot_data,recknagel,recknagel_south,i,i,99,162,2021,2020,2021,1,2022.07.12,a,m,l,h,m,915,a,NA,p,318,l,318,p,viti,10,0,0,1,0,0,0,1,NA,10,protected,oak_hdwd,b,2021
regen_and_plot_input_2021_cleaning.Rmd,plot_data,recknagel,recknagel_south,i,i,99,163,2021,2020,2021,1,2022.07.12,a,m,p,m,h,915,a,NA,l,316,l,316,l,viti,10,0,0,1,0,0,0,NA,NA,10,protected,oak_hdwd,b,2021
regen_and_plot_input_2021_cleaning.Rmd,plot_data,recknagel,recknagel_south,i,i,99,169,2021,2020,2021,1,2022.07.12,a,l,a,h,h,915,a,NA,l,316,l,833,p,viti,10,1,0,0,0,0,0,3,NA,10,protected,oak_hdwd,b,2021
regen_and_plot_input_2021_cleaning.Rmd,plot_data,recknagel,recknagel_south,i,i,99,168,2021,2020,2021,1,2022.07.12,m,l,m,h,m,915,p,635,p,318,p,318,p,viti,10,1,0,0,0,1,0,2,NA,10,protected,oak_hdwd,b,2021
regen_and_plot_input_2021_cleaning.Rmd,plot_data,recknagel,recknagel_south,i,i,99,167,2021,2020,2021,1,2022.07.12,p,l,a,h,m,915,p,535,l,318,l,316,p,viti,10,1,0,1,0,0,0,1,NA,10,protected,oak_hdwd,b,2021
regen_and_plot_input_2021_cleaning.Rmd,plot_data,recknagel,recknagel_south,i,i,99,166,2021,2020,2021,1,2022.07.14,l,m,p,h,m,915,a,NA,l,316,l,833,a,NA,10,1,0,0,0,0,0,2,NA,10,protected,oak_hdwd,b,2021
regen_and_plot_input_2021_cleaning.Rmd,plot_data,recknagel,recknagel_south,i,i,99,165,2021,2020,2021,1,2022.07.14,a,m,a,h,h,915,a,NA,m,316,m,318,m,viti,10,1,0,2,0,0,0,2,NA,10,protected,oak_hdwd,b,2021
regen_and_plot_input_2021_cleaning.Rmd,plot_data,recknagel,recknagel_south,p,p,99,150,2021,2020,2021,1,2022.07.14,a,p,p,h,h,915,a,NA,l,316,p,316,p,viti,10,2,0,1,0,0,0,1,NA,10,protected,oak_hdwd,b,2021
regen_and_plot_input_2021_cleaning.Rmd,plot_data,recknagel,recknagel_south,p,p,99,151,2021,2020,2021,1,2022.07.14,p,p,p,h,m,915,a,NA,m,316,m,833,p,viti,10,4,0,0,0,0,0,2,NA,10,protected,oak_hdwd,b,2021
regen_and_plot_input_2021_cleaning.Rmd,plot_data,red_pine,red_pine,p,p,99,880,2021,2017,2021,5,2022.07.19,p,l,a,h,h,915,a,NA,h,761,a,NA,a,NA,10,0,0,0,0,0,0,1,NA,10,protected,oak_hdwd,b,2017
regen_and_plot_input_2021_cleaning.Rmd,plot_data,red_pine,red_pine,p,p,99,881,2021,2017,2021,5,2022.07.19,l,l,a,m,h,915,a,NA,h,761,a,NA,p,viti,10,0,0,0,0,0,0,1,NA,10,protected,oak_hdwd,b,2017
regen_and_plot_input_2021_cleaning.Rmd,plot_data,red_pine,red_pine,i,i,99,341,2021,2017,2021,5,2022.07.19,a,m,a,h,m,915,a,NA,h,743,a,NA,l,viti,10,0,0,0,0,0,0,1,NA,10,protected,oak_hdwd,b,2017
regen_and_plot_input_2021_cleaning.Rmd,plot_data,red_pine,red_pine,p,p,99,882,2021,2017,2021,5,2022.07.19,m,p,p,h,h,915,a,NA,h,743,a,NA,p,viti,10,0,0,0,0,0,0,1,NA,10,protected,oak_hdwd,b,2017
regen_and_plot_input_2021_cleaning.Rmd,plot_data,red_pine,red_pine,i,i,99,337,2021,2017,2021,5,2022.07.19,a,p,a,h,h,915,p,635,l,761,a,NA,a,NA,10,0,0,0,0,0,0,1,NA,10,protected,oak_hdwd,b,2017
regen_and_plot_input_2021_cleaning.Rmd,plot_data,red_pine,red_pine,i,i,99,334,2021,2017,2021,5,2022.07.19,a,m,l,h,h,915,p,635,l,316,a,NA,l,viti,10,0,0,0,0,0,0,2,NA,10,protected,oak_hdwd,b,2017
regen_and_plot_input_2021_cleaning.Rmd,plot_data,red_pine,red_pine,p,p,99,883,2021,2017,2021,5,2022.07.19,p,m,a,h,h,915,l,535,h,746,a,NA,l,viti,10,0,0,0,0,0,0,2,NA,10,protected,oak_hdwd,b,2017
regen_and_plot_input_2021_cleaning.Rmd,plot_data,red_pine,red_pine,p,p,99,884,2021,2017,2021,5,2022.07.19,a,p,a,h,h,915,a,NA,m,355,a,NA,a,NA,10,0,0,0,0,0,0,1,NA,10,protected,oak_hdwd,b,2017
regen_and_plot_input_2021_cleaning.Rmd,plot_data,red_pine,red_pine,i,i,99,335,2021,2017,2021,5,2022.07.19,a,l,a,h,m,915,a,NA,h,746,a,NA,p,viti,10,0,0,0,0,0,0,2,NA,10,protected,oak_hdwd,b,2017
regen_and_plot_input_2021_cleaning.Rmd,plot_data,red_pine,red_pine,p,p,99,885,2021,2017,2021,5,2022.07.19,a,l,a,h,h,915,a,NA,h,743,a,NA,p,viti,10,1,0,0,0,0,0,1,NA,10,protected,oak_hdwd,b,2017
regen_and_plot_input_2021_cleaning.Rmd,plot_data,red_pine,red_pine,i,i,99,336,2021,2017,2021,5,2022.07.19,a,m,a,h,h,915,a,NA,h,743,a,NA,l,viti,10,1,0,0,0,0,0,1,NA,10,protected,oak_hdwd,b,2017
regen_and_plot_input_2021_cleaning.Rmd,plot_data,red_pine,red_pine,p,p,99,886,2021,2017,2021,5,2022.07.19,a,h,a,l,h,915,a,NA,h,746,a,NA,l,viti,10,0,0,0,0,0,0,3,NA,10,protected,oak_hdwd,b,2017
regen_and_plot_input_2021_cleaning.Rmd,plot_data,red_pine,red_pine,i,i,99,339,2021,2017,2021,5,2022.07.20,a,m,a,m,m,915,a,NA,m,316,a,NA,p,viti,10,0,0,0,0,0,0,2,NA,10,protected,oak_hdwd,b,2017
regen_and_plot_input_2021_cleaning.Rmd,plot_data,red_pine,red_pine,i,i,99,340,2021,2017,2021,5,2022.07.20,a,m,a,m,h,915,l,635,m,761,l,318,p,viti,10,0,0,1,0,0,1,3,NA,10,protected,oak_hdwd,b,2017
regen_and_plot_input_2021_cleaning.Rmd,plot_data,red_pine,red_pine,p,p,99,887,2021,2017,2021,5,2022.07.20,a,p,a,l,m,915,a,NA,h,761,a,NA,a,NA,10,0,0,0,0,0,0,1,NA,10,protected,oak_hdwd,b,2017
regen_and_plot_input_2021_cleaning.Rmd,plot_data,red_pine,red_pine,p,p,99,888,2021,2017,2021,5,2022.07.20,a,p,a,h,l,915,a,NA,l,866,l,318,l,viti,10,0,0,1,0,0,0,3,NA,10,protected,oak_hdwd,b,2017
regen_and_plot_input_2021_cleaning.Rmd,plot_data,red_pine,red_pine,i,i,99,345,2021,2017,2021,5,2022.07.20,a,p,p,h,p,915,m,635,m,541,a,NA,p,viti,10,0,0,0,0,0,0,3,NA,10,protected,oak_hdwd,b,2017
regen_and_plot_input_2021_cleaning.Rmd,plot_data,red_pine,red_pine,p,p,99,889,2021,2017,2021,5,2022.07.20,a,l,p,h,m,915,a,NA,m,866,a,NA,p,viti,10,0,0,0,0,0,0,2,NA,10,protected,oak_hdwd,b,2017
regen_and_plot_input_2021_cleaning.Rmd,plot_data,red_pine,red_pine,p,p,99,892,2021,2017,2021,5,2022.07.21,m,l,a,h,m,915,a,NA,l,761,a,NA,l,viti,10,0,0,0,0,0,0,1,NA,10,protected,oak_hdwd,b,2017
regen_and_plot_input_2021_cleaning.Rmd,plot_data,red_pine,red_pine,i,i,99,346,2021,2017,2021,5,2022.07.21,m,m,a,l,m,915,a,NA,l,761,a,NA,a,NA,10,0,0,0,0,0,0,1,NA,10,protected,oak_hdwd,b,2017
regen_and_plot_input_2021_cleaning.Rmd,plot_data,red_pine,red_pine,i,i,99,342,2021,2017,2021,5,2022.07.21,a,p,a,h,m,915,a,NA,m,746,l,832,a,NA,10,3,0,0,0,0,0,1,NA,10,protected,oak_hdwd,b,2017
regen_and_plot_input_2021_cleaning.Rmd,plot_data,red_pine,red_pine,i,i,99,338,2021,2017,2021,5,2022.07.21,a,l,a,l,h,915,p,635,l,316,p,832,p,viti,10,1,0,0,0,0,0,2,NA,10,protected,oak_hdwd,b,2017
regen_and_plot_input_2021_cleaning.Rmd,plot_data,red_pine,red_pine,i,i,99,343,2021,2017,2021,5,2022.07.21,a,m,a,m,m,915,a,NA,l,743,m,832,a,NA,10,3,0,0,0,0,0,2,NA,10,protected,oak_hdwd,b,2017
regen_and_plot_input_2021_cleaning.Rmd,plot_data,red_pine,red_pine,i,i,99,344,2021,2017,2021,5,2022.07.21,a,l,l,h,h,915,a,NA,l,746,a,NA,a,NA,10,1,0,0,0,0,0,2,NA,10,protected,oak_hdwd,b,2017
regen_and_plot_input_2021_cleaning.Rmd,plot_data,red_pine,red_pine,i,i,99,348,2021,2017,2021,5,2022.07.21,l,l,l,m,h,915,a,NA,l,355,p,833,a,NA,10,1,0,0,0,0,0,2,NA,10,protected,oak_hdwd,b,2017
regen_and_plot_input_2021_cleaning.Rmd,plot_data,red_pine,red_pine,p,p,99,890,2021,2017,2021,5,2022.07.21,p,p,p,h,l,915,l,635,m,743,a,NA,a,NA,10,0,0,0,0,0,0,1,NA,10,protected,oak_hdwd,b,2017
regen_and_plot_input_2021_cleaning.Rmd,plot_data,red_pine,red_pine,i,i,99,347,2021,2017,2021,5,2022.07.21,a,m,p,h,m,915,p,635,m,355,l,129,a,NA,10,0,0,0,0,0,1,2,NA,10,protected,oak_hdwd,b,2017
regen_and_plot_input_2021_cleaning.Rmd,plot_data,red_pine,red_pine,p,p,99,891,2021,2017,2021,5,2022.07.21,l,p,a,h,m,915,a,NA,l,743,a,NA,a,NA,10,1,0,0,0,0,0,2,NA,10,protected,oak_hdwd,b,2017
regen_and_plot_input_2021_cleaning.Rmd,plot_data,sta_rd,wedge,i,i,w1,373,2021,2017,2021,4,2022.06.13,a,p,p,p,l,915,a,NA,m,761,h,833,a,NA,10,1,1,1,0,0,0,4,NA,10,protected,n_hdwd,b,2018
regen_and_plot_input_2021_cleaning.Rmd,plot_data,sta_rd,wedge,p,p,w1,966,2021,2017,2021,4,2022.06.13,a,l,p,h,h,915,a,NA,h,761,p,316,p,viti,10,0,0,1,0,0,0,4,NA,10,protected,n_hdwd,b,2018
regen_and_plot_input_2021_cleaning.Rmd,plot_data,sta_rd,wedge,i,i,w1,376,2021,2017,2021,4,2022.06.13,a,p,l,m,h,915,a,NA,h,761,p,316,a,NA,10,0,0,2,0,0,0,2,NA,10,protected,n_hdwd,b,2018
regen_and_plot_input_2021_cleaning.Rmd,plot_data,sta_rd,wedge,p,p,w1,967,2021,2017,2021,4,2022.06.13,a,l,l,m,h,915,a,NA,h,761,a,NA,a,NA,10,0,0,1,0,0,0,4,NA,10,protected,n_hdwd,b,2018
regen_and_plot_input_2021_cleaning.Rmd,plot_data,sta_rd,wedge,i,i,w1,380,2021,2017,2021,4,2022.06.13,a,l,m,m,h,915,a,NA,l,761,h,318,a,NA,10,0,0,8,0,0,0,3,NA,10,protected,n_hdwd,b,2018
regen_and_plot_input_2021_cleaning.Rmd,plot_data,sta_rd,wedge,p,p,w1,968,2021,2017,2021,4,2022.06.13,a,m,l,m,h,915,a,NA,l,951,l,318,p,viti,10,0,0,6,0,0,0,2,NA,10,protected,n_hdwd,b,2018
regen_and_plot_input_2021_cleaning.Rmd,plot_data,sta_rd,wedge,i,i,w1,381,2021,2017,2021,4,2022.06.13,a,h,l,h,h,915,a,NA,p,531,h,318,a,NA,10,0,0,8,0,0,0,3,NA,10,protected,n_hdwd,b,2018
regen_and_plot_input_2021_cleaning.Rmd,plot_data,sta_rd,wedge,p,p,w1,969,2021,2017,2021,4,2022.06.13,a,a,l,m,h,915,a,NA,h,761,a,NA,a,NA,10,0,0,1,0,0,0,3,NA,10,protected,n_hdwd,b,2018
regen_and_plot_input_2021_cleaning.Rmd,plot_data,sta_rd,wedge,i,i,w1,383,2021,2017,2021,4,2022.06.13,a,a,p,h,h,915,a,NA,h,761,p,318,a,NA,10,0,0,1,0,0,0,4,"""cleaned""",10,protected,n_hdwd,b,2018
regen_and_plot_input_2021_cleaning.Rmd,plot_data,sta_rd,wedge,p,p,w1,970,2021,2017,2021,4,2022.06.13,l,a,l,h,m,915,a,NA,m,761,p,318,p,viti,10,0,0,1,0,0,0,3,NA,10,protected,n_hdwd,b,2018
regen_and_plot_input_2021_cleaning.Rmd,plot_data,sta_rd,wedge,i,i,w1,382,2021,2017,2021,4,2022.06.13,a,l,l,h,h,915,a,NA,h,761,p,318,a,NA,10,0,0,1,0,0,0,3,"""cleaned""",10,protected,n_hdwd,b,2018
regen_and_plot_input_2021_cleaning.Rmd,plot_data,sta_rd,wedge,i,i,w1,378,2021,2017,2021,4,2022.06.13,a,l,m,m,h,915,a,NA,p,761,h,318,a,NA,10,0,0,9,0,0,0,3,"""cleaned""",10,protected,n_hdwd,b,2018
regen_and_plot_input_2021_cleaning.Rmd,plot_data,sta_rd,wedge,i,i,w1,377,2021,2017,2021,4,2022.06.14,a,a,l,m,h,915,a,NA,h,761,p,318,a,NA,10,0,0,4,0,0,0,3,NA,10,protected,n_hdwd,b,2018
regen_and_plot_input_2021_cleaning.Rmd,plot_data,sta_rd,wedge,i,i,w1,374,2021,2017,2021,4,2022.06.14,a,l,p,l,h,915,a,NA,h,761,a,NA,p,viti,10,0,0,0,0,0,0,1,NA,10,protected,n_hdwd,b,2018
regen_and_plot_input_2021_cleaning.Rmd,plot_data,sta_rd,wedge,p,p,w1,971,2021,2017,2021,4,2022.06.14,a,m,l,h,h,915,p,635,l,761,p,318,l,viti,10,0,0,1,0,0,0,1,NA,10,protected,n_hdwd,b,2018
regen_and_plot_input_2021_cleaning.Rmd,plot_data,sta_rd,wedge,i,i,w1,379,2021,2017,2021,4,2022.06.14,a,l,p,h,m,915,a,NA,m,761,a,NA,p,viti,10,0,0,2,0,0,0,3,NA,10,protected,n_hdwd,b,2018
regen_and_plot_input_2021_cleaning.Rmd,plot_data,sta_rd,wedge,i,i,w1,375,2021,2017,2021,4,2022.06.14,l,l,p,h,h,915,a,NA,m,761,l,316,a,NA,10,0,0,4,0,0,0,2,"""cleaned""",10,protected,n_hdwd,b,2018
regen_and_plot_input_2021_cleaning.Rmd,plot_data,sta_rd,wedge,p,p,w1,972,2021,2017,2021,4,2022.06.14,p,a,p,h,h,915,a,NA,h,761,a,NA,p,viti,10,0,0,0,0,0,0,2,NA,10,protected,n_hdwd,b,2018
regen_and_plot_input_2021_cleaning.Rmd,plot_data,sta_rd,wedge,i,i,w1,372,2021,2017,2021,4,2022.06.14,l,l,p,h,h,915,a,NA,m,761,p,531,p,viti,10,0,1,0,0,0,0,2,NA,10,protected,n_hdwd,b,2018
regen_and_plot_input_2021_cleaning.Rmd,plot_data,sta_rd,wedge,p,p,w1,973,2021,2017,2021,4,2022.06.14,a,l,p,h,l,915,p,635,m,743,a,NA,m,viti,10,0,0,1,0,0,0,1,NA,10,protected,n_hdwd,b,2018
regen_and_plot_input_2021_cleaning.Rmd,plot_data,sta_rd,wedge,i,i,w1,370,2021,2017,2021,4,2022.06.14,a,l,p,h,m,915,a,NA,h,743,p,318,l,viti,10,0,0,2,0,0,0,3,NA,10,protected,n_hdwd,b,2018
regen_and_plot_input_2021_cleaning.Rmd,plot_data,sta_rd,wedge,p,p,w1,974,2021,2017,2021,4,2022.06.14,a,p,p,h,p,915,p,535,m,743,l,316,l,viti,10,0,0,3,0,0,0,1,NA,10,protected,n_hdwd,b,2018
regen_and_plot_input_2021_cleaning.Rmd,plot_data,sta_rd,wedge,i,i,w1,371,2021,2017,2021,4,2022.06.14,a,m,l,l,h,915,a,NA,l,761,h,316,p,viti,10,0,0,5,0,0,0,4,"""cleaned""",10,protected,n_hdwd,b,2018
regen_and_plot_input_2021_cleaning.Rmd,plot_data,sta_rd,wedge,p,p,w1,975,2021,2017,2021,4,2022.06.14,a,p,p,h,l,915,a,NA,m,743,l,316,p,viti,10,0,0,4,0,0,0,4,NA,10,protected,n_hdwd,b,2018
regen_and_plot_input_2021_cleaning.Rmd,plot_data,circle,circle1,i,p,c1,284,2021,2019,2021,1,2021.10.21,l,a,a,m,m,915,a,NA,m,743,a,NA,a,NA,10,0,0,0,0,1,0,1,NA,10,protected,oak_hdwd,b,2021
regen_and_plot_input_2021_cleaning.Rmd,plot_data,circle,circle1,i,p,c1,285,2021,2019,2021,1,2021.10.21,l,l,p,l,m,915,a,NA,m,743,a,NA,a,NA,10,0,0,0,0,0,0,1,NA,10,protected,oak_hdwd,b,2021
regen_and_plot_input_2021_cleaning.Rmd,plot_data,circle,circle1,i,p,c1,286,2021,2019,2021,1,2021.10.21,l,p,p,h,h,915,a,NA,l,316,a,NA,a,NA,10,0,0,0,0,0,0,2,NA,10,protected,oak_hdwd,b,2021
regen_and_plot_input_2021_cleaning.Rmd,plot_data,circle,circle1,i,p,c1,287,2021,2019,2021,1,2021.10.21,l,p,p,h,m,915,a,NA,p,761,a,NA,a,NA,10,0,0,0,0,0,0,2,NA,10,protected,oak_hdwd,b,2021
regen_and_plot_input_2021_cleaning.Rmd,plot_data,circle,circle1,i,p,c1,288,2021,2019,2021,1,2021.10.21,p,p,l,h,m,915,a,NA,l,761,a,NA,a,NA,10,0,0,0,0,0,0,2,NA,10,protected,oak_hdwd,b,2021
regen_and_plot_input_2021_cleaning.Rmd,plot_data,circle,circle1,i,p,c1,290,2021,2019,2021,1,2021.10.21,a,l,p,m,m,915,a,NA,m,761,a,NA,a,NA,10,0,0,0,0,0,0,2,NA,10,protected,oak_hdwd,b,2021
regen_and_plot_input_2021_cleaning.Rmd,plot_data,circle,circle1,i,p,c1,291,2021,2019,2021,1,2021.10.21,a,p,a,m,m,915,a,NA,m,761,a,NA,a,NA,10,0,0,0,0,0,0,1,NA,10,protected,oak_hdwd,b,2021
regen_and_plot_input_2021_cleaning.Rmd,plot_data,circle,circle1,i,p,c1,292,2021,2019,2021,1,2021.10.21,p,p,a,m,h,915,a,NA,m,316,a,NA,a,NA,10,0,0,0,0,0,0,2,NA,10,protected,oak_hdwd,b,2021
regen_and_plot_input_2021_cleaning.Rmd,plot_data,circle,circle2,i,p,c2,293,2021,2019,2021,1,2021.10.21,l,p,l,a,m,915,l,905,p,316,a,NA,a,NA,10,0,0,1,0,0,0,1,NA,10,protected,oak_hdwd,b,2021
regen_and_plot_input_2021_cleaning.Rmd,plot_data,circle,circle2,i,p,c2,294,2021,2019,2021,1,2021.10.21,p,p,p,h,m,915,a,NA,p,372,a,NA,a,NA,10,0,0,0,0,0,0,1,NA,10,protected,oak_hdwd,b,2021
regen_and_plot_input_2021_cleaning.Rmd,plot_data,circle,circle2,i,p,c2,295,2021,2019,2021,1,2021.10.21,p,p,a,m,h,915,a,NA,p,761,a,NA,a,NA,10,0,0,0,0,0,0,1,"""no invasive""",10,protected,oak_hdwd,b,2021
regen_and_plot_input_2021_cleaning.Rmd,plot_data,circle,circle2,i,p,c2,296,2021,2019,2021,1,2021.10.21,l,p,p,h,h,915,a,NA,p,761,a,NA,a,NA,10,1,0,0,0,0,0,1,NA,10,protected,oak_hdwd,b,2021
regen_and_plot_input_2021_cleaning.Rmd,plot_data,circle,circle2,i,p,c2,297,2021,2019,2021,1,2021.10.21,l,p,p,h,h,915,a,NA,p,951,a,NA,a,NA,10,0,0,1,0,0,0,1,NA,10,protected,oak_hdwd,b,2021
regen_and_plot_input_2021_cleaning.Rmd,plot_data,circle,circle2,i,p,c2,298,2021,2019,2021,1,2021.10.21,p,l,p,h,h,915,a,NA,p,761,a,NA,a,NA,10,1,0,0,0,0,0,NA,NA,10,protected,oak_hdwd,b,2021
regen_and_plot_input_2021_cleaning.Rmd,plot_data,circle,circle2,i,p,c2,299,2021,2019,2021,1,2021.10.21,p,l,p,m,h,915,a,NA,l,761,a,NA,a,NA,10,0,0,0,0,0,0,1,NA,10,protected,oak_hdwd,b,2021
regen_and_plot_input_2021_cleaning.Rmd,plot_data,circle,circle2,i,p,c2,300,2021,2019,2021,1,2021.10.21,m,p,p,h,m,915,a,NA,p,316,a,NA,a,NA,10,0,0,2,0,0,0,1,NA,10,protected,oak_hdwd,b,2021
regen_and_plot_input_2021_cleaning.Rmd,plot_data,circle,circle3,i,p,c3,401,2021,2019,2021,1,2021.10.25,l,p,p,h,m,915,p,635,l,951,a,NA,a,NA,10,0,0,0,0,0,0,1,NA,10,protected,oak_hdwd,b,2021
regen_and_plot_input_2021_cleaning.Rmd,plot_data,circle,circle3,i,p,c3,402,2021,2019,2021,1,2021.10.25,m,p,a,h,m,866,p,635,l,701,a,NA,a,NA,10,0,0,0,0,0,0,NA,NA,10,protected,oak_hdwd,b,2021
regen_and_plot_input_2021_cleaning.Rmd,plot_data,circle,circle3,i,p,c3,403,2021,2019,2021,1,2021.10.25,l,l,p,h,l,915,a,NA,l,701,a,NA,a,NA,10,0,0,0,0,0,0,1,NA,10,protected,oak_hdwd,b,2021
regen_and_plot_input_2021_cleaning.Rmd,plot_data,circle,circle3,i,p,c3,404,2021,2019,2021,1,2021.10.25,p,l,p,h,l,866,a,NA,l,743,a,NA,a,NA,10,0,0,0,0,0,0,NA,NA,10,protected,oak_hdwd,b,2021
regen_and_plot_input_2021_cleaning.Rmd,plot_data,circle,circle3,i,p,c3,405,2021,2019,2021,1,2021.10.25,p,m,p,h,m,915,a,NA,l,743,a,NA,a,NA,10,0,0,0,0,0,0,1,NA,10,protected,oak_hdwd,b,2021
regen_and_plot_input_2021_cleaning.Rmd,plot_data,circle,circle3,i,p,c3,406,2021,2019,2021,1,2021.10.25,p,l,a,h,l,915,p,635,p,701,a,NA,a,NA,10,0,0,0,0,0,0,1,NA,10,protected,oak_hdwd,b,2021
regen_and_plot_input_2021_cleaning.Rmd,plot_data,circle,circle3,i,p,c3,407,2021,2019,2021,1,2021.10.25,p,p,a,h,l,915,p,635,l,316,a,NA,a,NA,10,0,0,0,0,0,0,1,NA,10,protected,oak_hdwd,b,2021
regen_and_plot_input_2021_cleaning.Rmd,plot_data,circle,circle3,i,p,c3,408,2021,2019,2021,1,2021.10.25,l,p,a,h,m,915,a,NA,p,316,a,NA,a,NA,10,1,0,0,0,0,0,NA,NA,10,protected,oak_hdwd,b,2021
regen_and_plot_input_2021_cleaning.Rmd,plot_data,recknagel,rectangle_1,c,c,r1,409,2021,2020,2021,1,2022.01.05,l,m,a,m,l,915,p,905,a,NA,m,833,a,NA,10,1,0,5,0,0,0,1,NA,0,control,oak_hdwd,b,2021
regen_and_plot_input_2021_cleaning.Rmd,plot_data,recknagel,rectangle_1,c,c,r1,410,2021,2020,2021,1,2022.01.05,p,l,a,h,l,915,a,NA,a,NA,m,318,a,NA,10,1,0,5,0,1,0,NA,NA,0,control,oak_hdwd,b,2021
regen_and_plot_input_2021_cleaning.Rmd,plot_data,recknagel,rectangle_1,c,c,r1,411,2021,2020,2021,1,2022.01.05,m,l,m,h,l,915,a,NA,a,NA,l,318,a,NA,10,2,0,5,0,0,0,1,NA,0,control,oak_hdwd,b,2021
regen_and_plot_input_2021_cleaning.Rmd,plot_data,recknagel,rectangle_1,c,c,r1,412,2021,2020,2021,1,2022.01.05,p,l,l,m,l,915,a,NA,a,NA,m,951,a,NA,10,3,0,2,0,1,0,1,NA,0,control,oak_hdwd,b,2021
regen_and_plot_input_2021_cleaning.Rmd,plot_data,recknagel,rectangle_1,c,c,r1,413,2021,2020,2021,1,2022.01.05,p,l,p,h,l,915,a,NA,a,NA,m,318,a,NA,10,3,0,3,0,0,0,1,NA,0,control,oak_hdwd,b,2021
regen_and_plot_input_2021_cleaning.Rmd,plot_data,recknagel,rectangle_1,c,c,r1,414,2021,2020,2021,1,2022.01.05,l,m,p,m,p,915,a,NA,a,NA,m,318,a,NA,10,2,0,2,0,0,0,1,NA,0,control,oak_hdwd,b,2021
regen_and_plot_input_2021_cleaning.Rmd,plot_data,recknagel,rectangle_1,c,c,r1,415,2021,2020,2021,1,2022.01.05,l,l,p,h,l,915,a,NA,p,951,m,318,a,NA,10,1,0,3,0,2,0,2,NA,0,control,oak_hdwd,b,2021
regen_and_plot_input_2021_cleaning.Rmd,plot_data,recknagel,rectangle_1,c,c,r1,416,2021,2020,2021,1,2022.01.05,l,l,p,h,m,915,a,NA,a,NA,m,762,a,NA,10,1,0,2,0,1,0,NA,NA,0,control,oak_hdwd,b,2021
regen_and_plot_input_2021_cleaning.Rmd,plot_data,recknagel,rectangle_2,c,c,r2,433,2021,2020,2021,1,2022.01.12,p,m,p,h,l,915,p,905,a,NA,l,407,a,NA,10,2,0,2,0,1,0,1,NA,0,control,oak_hdwd,b,2021
regen_and_plot_input_2021_cleaning.Rmd,plot_data,recknagel,rectangle_2,c,c,r2,434,2021,2020,2021,1,2022.01.12,p,m,p,h,m,915,a,NA,a,NA,p,318,a,NA,10,0,0,2,0,0,0,1,NA,0,control,oak_hdwd,b,2021
regen_and_plot_input_2021_cleaning.Rmd,plot_data,recknagel,rectangle_2,c,c,r2,435,2021,2020,2021,1,2022.01.12,a,l,p,h,l,915,a,NA,a,NA,m,318,a,NA,10,0,0,3,0,2,0,1,NA,0,control,oak_hdwd,b,2021
regen_and_plot_input_2021_cleaning.Rmd,plot_data,recknagel,rectangle_2,c,c,r2,436,2021,2020,2021,1,2022.01.12,a,p,p,h,l,915,a,NA,a,NA,l,402,a,NA,10,1,0,3,0,1,0,1,NA,0,control,oak_hdwd,b,2021
regen_and_plot_input_2021_cleaning.Rmd,plot_data,recknagel,rectangle_2,c,c,r2,437,2021,2020,2021,1,2022.01.12,p,m,l,h,p,915,a,NA,a,NA,h,318,a,NA,10,3,0,1,0,1,0,1,NA,0,control,oak_hdwd,b,2021
regen_and_plot_input_2021_cleaning.Rmd,plot_data,recknagel,rectangle_2,c,c,r2,438,2021,2020,2021,1,2022.01.12,m,p,p,h,p,915,a,NA,a,NA,m,318,a,NA,10,2,0,3,0,0,0,1,NA,0,control,oak_hdwd,b,2021
regen_and_plot_input_2021_cleaning.Rmd,plot_data,recknagel,rectangle_2,c,c,r2,439,2021,2020,2021,1,2022.01.12,p,p,m,h,p,915,a,NA,a,NA,h,951,a,NA,10,0,0,4,0,2,0,2,NA,0,control,oak_hdwd,b,2021
regen_and_plot_input_2021_cleaning.Rmd,plot_data,recknagel,rectangle_2,c,c,r2,440,2021,2020,2021,1,2022.01.12,a,p,p,h,m,915,a,NA,a,NA,l,318,a,NA,10,0,0,4,0,0,0,2,NA,0,control,oak_hdwd,b,2021
regen_and_plot_input_2021_cleaning.Rmd,plot_data,recknagel,rectangle_3,c,c,r3,417,2021,2020,2021,1,2022.01.12,l,m,p,h,l,915,a,NA,a,NA,l,407,a,NA,10,1,0,1,0,1,0,1,NA,0,control,oak_hdwd,b,2021
regen_and_plot_input_2021_cleaning.Rmd,plot_data,recknagel,rectangle_3,c,c,r3,418,2021,2020,2021,1,2022.01.12,l,m,p,h,p,915,a,NA,a,NA,m,318,a,NA,10,3,0,2,0,0,0,2,NA,0,control,oak_hdwd,b,2021
regen_and_plot_input_2021_cleaning.Rmd,plot_data,recknagel,rectangle_3,c,c,r3,419,2021,2020,2021,1,2022.01.13,a,m,m,h,p,915,p,535,p,701,h,833,a,NA,10,3,0,2,0,0,0,2,NA,0,control,oak_hdwd,b,2021
regen_and_plot_input_2021_cleaning.Rmd,plot_data,recknagel,rectangle_3,c,c,r3,420,2021,2020,2021,1,2022.01.13,m,l,p,h,p,915,a,NA,a,NA,m,318,a,NA,10,0,0,1,0,2,0,2,NA,0,control,oak_hdwd,b,2021
regen_and_plot_input_2021_cleaning.Rmd,plot_data,recknagel,rectangle_3,c,c,r3,421,2021,2020,2021,1,2022.01.13,m,p,p,h,p,915,a,NA,a,NA,m,318,a,NA,10,0,0,2,0,1,0,1,NA,0,control,oak_hdwd,b,2021
regen_and_plot_input_2021_cleaning.Rmd,plot_data,recknagel,rectangle_3,c,c,r3,422,2021,2020,2021,1,2022.01.13,l,p,l,h,p,915,a,NA,a,NA,m,951,a,NA,10,1,0,2,0,1,0,1,NA,0,control,oak_hdwd,b,2021
regen_and_plot_input_2021_cleaning.Rmd,plot_data,recknagel,rectangle_3,c,c,r3,423,2021,2020,2021,1,2022.01.13,a,m,p,m,p,915,a,NA,a,NA,m,316,a,NA,10,3,0,3,0,0,0,NA,NA,0,control,oak_hdwd,b,2021
regen_and_plot_input_2021_cleaning.Rmd,plot_data,recknagel,rectangle_3,c,c,r3,424,2021,2020,2021,1,2022.01.13,p,p,h,h,p,915,a,NA,a,NA,h,318,a,NA,10,2,0,3,0,1,0,2,NA,0,control,oak_hdwd,b,2021
regen_and_plot_input_2021_cleaning.Rmd,plot_data,recknagel,rectangle_4,c,c,r4,425,2021,2020,2021,1,2022.01.13,p,m,p,h,p,915,a,NA,p,701,m,318,a,NA,10,3,0,2,0,1,0,1,NA,0,control,oak_hdwd,b,2021
regen_and_plot_input_2021_cleaning.Rmd,plot_data,recknagel,rectangle_4,c,c,r4,426,2021,2020,2021,1,2022.01.13,a,m,a,h,a,NA,p,905,p,701,l,407,a,NA,10,3,0,2,0,1,0,NA,NA,0,control,oak_hdwd,b,2021
regen_and_plot_input_2021_cleaning.Rmd,plot_data,recknagel,rectangle_4,c,c,r4,427,2021,2020,2021,1,2022.01.13,a,m,p,h,a,NA,p,535,a,NA,h,833,a,NA,10,4,0,1,0,1,0,2,NA,0,control,oak_hdwd,b,2021
regen_and_plot_input_2021_cleaning.Rmd,plot_data,recknagel,rectangle_4,c,c,r4,428,2021,2020,2021,1,2022.01.13,h,m,p,h,p,915,a,NA,p,701,m,402,a,NA,10,5,0,1,0,0,0,1,NA,0,control,oak_hdwd,b,2021
regen_and_plot_input_2021_cleaning.Rmd,plot_data,recknagel,rectangle_4,c,c,r4,429,2021,2020,2021,1,2022.01.13,m,m,a,m,p,915,a,NA,p,531,m,318,a,NA,10,2,0,3,0,1,0,NA,NA,0,control,oak_hdwd,b,2021
regen_and_plot_input_2021_cleaning.Rmd,plot_data,recknagel,rectangle_4,c,c,r4,430,2021,2020,2021,1,2022.01.16,p,p,l,m,p,915,a,NA,l,701,h,318,a,NA,10,1,0,4,0,1,0,2,NA,0,control,oak_hdwd,b,2021
regen_and_plot_input_2021_cleaning.Rmd,plot_data,recknagel,rectangle_4,c,c,r4,431,2021,2020,2021,1,2022.01.16,l,l,p,m,p,915,a,NA,m,531,l,318,a,NA,10,3,1,2,0,0,0,1,NA,0,control,oak_hdwd,b,2021
regen_and_plot_input_2021_cleaning.Rmd,plot_data,recknagel,rectangle_4,c,c,r4,432,2021,2020,2021,1,2022.01.16,p,l,p,m,p,915,a,NA,a,318,m,NA,a,NA,10,4,0,5,0,0,0,1,NA,0,control,oak_hdwd,b,2021
regen_and_plot_input_2021_cleaning.Rmd,plot_data,red_pine,red_pine,c,c,99,746,2021,2017,2021,5,2022.07.21,m,l,l,h,l,915,a,NA,l,531,m,316,a,NA,10,4,0,0,0,0,0,2,NA,0,control,oak_hdwd,b,2017
regen_and_plot_input_2021_cleaning.Rmd,plot_data,red_pine,red_pine,c,c,99,747,2021,2017,2021,5,2022.07.21,m,p,m,h,l,915,a,NA,l,316,p,832,a,NA,10,3,0,0,0,0,0,3,NA,0,control,oak_hdwd,b,2017
regen_and_plot_input_2021_cleaning.Rmd,plot_data,red_pine,red_pine,c,c,99,748,2021,2017,2021,5,2022.07.21,m,p,m,h,l,915,a,NA,p,261,p,261,a,NA,10,5,0,0,0,0,1,1,NA,0,control,oak_hdwd,b,2017
regen_and_plot_input_2021_cleaning.Rmd,plot_data,red_pine,red_pine,c,c,99,750,2021,2017,2021,5,2022.07.21,l,l,l,h,p,915,a,NA,p,261,l,833,a,NA,10,3,0,0,0,0,1,1,NA,0,control,oak_hdwd,b,2017
regen_and_plot_input_2021_cleaning.Rmd,plot_data,red_pine,red_pine,c,c,99,751,2021,2017,2021,5,2022.07.21,m,l,l,h,l,915,a,NA,m,531,m,832,a,NA,10,3,0,0,0,0,0,3,NA,0,control,oak_hdwd,b,2017
regen_and_plot_input_2021_cleaning.Rmd,plot_data,red_pine,red_pine,c,c,99,752,2021,2017,2021,5,2022.07.22,m,p,p,m,l,915,a,NA,l,375,a,NA,a,NA,10,0,0,0,0,0,0,1,NA,0,control,oak_hdwd,b,2017
regen_and_plot_input_2021_cleaning.Rmd,plot_data,red_pine,red_pine,c,c,99,753,2021,2017,2021,5,2022.07.22,l,m,l,l,l,915,a,NA,l,375,a,NA,a,NA,10,0,0,0,0,0,0,NA,NA,0,control,oak_hdwd,b,2017
regen_and_plot_input_2021_cleaning.Rmd,plot_data,red_pine,red_pine,c,c,99,754,2021,2017,2021,5,2022.07.22,l,m,l,m,m,915,a,NA,p,832,a,NA,a,NA,10,0,0,0,0,0,0,1,NA,0,control,oak_hdwd,b,2017
regen_and_plot_input_2021_cleaning.Rmd,plot_data,red_pine,red_pine,c,c,99,755,2021,2017,2021,5,2022.07.22,l,l,p,m,h,915,a,NA,l,372,a,NA,a,NA,10,0,0,0,0,0,0,1,NA,0,control,oak_hdwd,b,2017
regen_and_plot_input_2021_cleaning.Rmd,plot_data,red_pine,red_pine,c,c,99,756,2021,2017,2021,5,2022.07.22,l,m,a,l,h,915,a,NA,l,761,a,NA,a,NA,10,0,0,0,0,0,0,1,NA,0,control,oak_hdwd,b,2017
regen_and_plot_input_2021_cleaning.Rmd,plot_data,red_pine,red_pine,c,c,99,757,2021,2017,2021,5,2022.07.22,m,m,p,h,m,915,p,535,p,743,a,NA,a,NA,10,0,0,0,0,0,0,1,NA,0,control,oak_hdwd,b,2017
regen_and_plot_input_2021_cleaning.Rmd,plot_data,red_pine,red_pine,c,c,99,758,2021,2017,2021,5,2022.07.22,p,m,l,m,m,915,a,NA,l,531,p,832,a,NA,10,3,0,0,0,0,0,1,NA,0,control,oak_hdwd,b,2017
regen_and_plot_input_2021_cleaning.Rmd,plot_data,red_pine,red_pine,c,c,99,759,2021,2017,2021,5,2022.07.22,p,l,l,m,l,915,a,NA,l,372,m,833,p,viti,10,4,0,0,0,0,0,2,NA,0,control,oak_hdwd,b,2017
regen_and_plot_input_2021_cleaning.Rmd,plot_data,red_pine,red_pine,c,c,99,760,2021,2017,2021,5,2022.07.22,p,m,l,m,m,915,a,NA,m,743,l,833,p,viti,10,1,0,1,0,0,0,2,NA,0,control,oak_hdwd,b,2017
regen_and_plot_input_2021_cleaning.Rmd,plot_data,red_pine,red_pine,c,c,99,761,2021,2017,2021,5,2022.07.22,a,m,l,h,m,915,p,635,m,743,l,372,a,NA,10,0,0,0,1,0,0,NA,NA,0,control,oak_hdwd,b,2017
regen_and_plot_input_2021_cleaning.Rmd,plot_data,red_pine,red_pine,c,c,99,762,2021,2017,2021,5,2022.07.22,p,l,l,h,h,915,p,635,m,743,a,NA,a,NA,10,0,0,0,0,0,0,1,NA,0,control,oak_hdwd,b,2017
regen_and_plot_input_2021_cleaning.Rmd,plot_data,red_pine,red_pine,c,c,99,766,2021,2017,2021,5,2022.07.22,p,l,l,h,h,915,a,NA,m,743,a,NA,a,NA,10,1,0,0,0,0,0,1,NA,0,control,oak_hdwd,b,2017
regen_and_plot_input_2021_cleaning.Rmd,plot_data,red_pine,red_pine,c,c,99,763,2021,2017,2021,5,2022.07.22,a,l,l,h,m,915,p,635,l,531,p,832,a,NA,10,3,0,0,0,0,0,1,NA,0,control,oak_hdwd,b,2017
regen_and_plot_input_2021_cleaning.Rmd,plot_data,red_pine,red_pine,c,c,99,764,2021,2017,2021,5,2022.07.22,a,m,l,l,l,915,a,NA,l,372,l,129,a,NA,10,1,0,0,0,0,1,1,NA,0,control,oak_hdwd,b,2017
regen_and_plot_input_2021_cleaning.Rmd,plot_data,red_pine,red_pine,c,c,99,765,2021,2017,2021,5,2022.07.22,l,m,a,m,l,915,a,NA,m,531,l,129,a,NA,10,1,0,0,0,0,2,2,NA,0,control,oak_hdwd,b,2017
regen_and_plot_input_2021_cleaning.Rmd,plot_data,red_pine,red_pine,c,c,99,768,2021,2017,2021,5,2022.07.25,a,p,l,h,l,786,p,635,l,833,m,833,a,NA,10,3,0,0,0,0,0,3,NA,0,control,oak_hdwd,b,2017
regen_and_plot_input_2021_cleaning.Rmd,plot_data,red_pine,red_pine,c,c,99,770,2021,2017,2021,5,2022.07.25,a,l,h,h,l,915,a,NA,l,743,p,743,p,viti,10,0,0,0,0,0,0,2,NA,0,control,oak_hdwd,b,2017
regen_and_plot_input_2021_cleaning.Rmd,plot_data,red_pine,red_pine,c,c,99,767,2021,2017,2021,5,2022.07.25,p,l,h,h,l,915,a,NA,l,316,p,316,p,lath,10,0,0,1,0,0,1,3,NA,0,control,oak_hdwd,b,2017
regen_and_plot_input_2021_cleaning.Rmd,plot_data,red_pine,red_pine,c,c,99,769,2021,2017,2021,5,2022.07.25,p,p,m,h,m,915,a,NA,p,833,p,833,p,lath,10,2,0,0,0,0,0,2,NA,0,control,oak_hdwd,b,2017
regen_and_plot_input_2021_cleaning.Rmd,plot_data,red_pine,red_pine,c,c,99,771,2021,2017,2021,5,2022.07.25,l,m,p,m,h,915,a,NA,l,833,p,833,p,viti,10,1,0,0,0,0,0,3,NA,0,control,oak_hdwd,b,2017
regen_and_plot_input_2021_cleaning.Rmd,plot_data,red_pine,red_pine,c,c,99,772,2021,2017,2021,5,2022.07.25,m,m,a,m,l,915,p,535,l,833,l,833,a,NA,10,1,0,0,0,0,0,3,NA,0,control,oak_hdwd,b,2017
regen_and_plot_input_2021_cleaning.Rmd,plot_data,red_pine,red_pine,c,c,99,773,2021,2017,2021,5,2022.07.25,l,l,a,h,m,786,l,535,l,833,l,833,p,viti,10,1,0,0,0,0,1,2,NA,0,control,oak_hdwd,b,2017
regen_and_plot_input_2021_cleaning.Rmd,plot_data,red_pine,red_pine,c,c,99,774,2021,2017,2021,5,2022.07.25,p,p,a,h,p,915,l,535,l,129,l,129,p,viti,10,0,0,0,0,0,1,1,NA,0,control,oak_hdwd,b,2017
regen_and_plot_input_2021_cleaning.Rmd,plot_data,red_pine,red_pine,c,c,99,775,2021,2017,2021,5,2022.07.25,p,p,a,h,l,915,l,635,p,129,p,129,l,viti,10,0,0,0,0,0,2,2,NA,0,control,oak_hdwd,b,2017
regen_and_plot_input_2021_cleaning.Rmd,plot_data,red_pine,red_pine,c,c,99,768,2021,2017,2021,5,2022.07.25,a,p,l,h,l,786,p,635,l,129,m,833,a,NA,10,3,0,0,0,0,0,3,NA,0,control,oak_hdwd,b,2017
regen_and_plot_input_2021_cleaning.Rmd,plot_data,red_pine,red_pine,c,c,99,770,2021,2017,2021,5,2022.07.25,a,l,h,h,l,915,a,NA,l,316,p,743,p,viti,10,0,0,0,0,0,0,2,NA,0,control,oak_hdwd,b,2017
regen_and_plot_input_2021_cleaning.Rmd,plot_data,red_pine,red_pine,c,c,99,767,2021,2017,2021,5,2022.07.25,p,l,h,h,l,915,a,NA,l,129,p,316,p,lath,10,0,0,1,0,0,1,3,NA,0,control,oak_hdwd,b,2017
regen_and_plot_input_2021_cleaning.Rmd,plot_data,red_pine,red_pine,c,c,99,769,2021,2017,2021,5,2022.07.25,p,p,m,h,m,915,a,NA,p,316,p,833,p,lath,10,2,0,0,0,0,0,2,NA,0,control,oak_hdwd,b,2017
regen_and_plot_input_2021_cleaning.Rmd,plot_data,red_pine,red_pine,c,c,99,771,2021,2017,2021,5,2022.07.25,l,m,p,m,h,815,a,NA,l,129,p,833,p,viti,10,1,0,0,0,0,0,3,NA,0,control,oak_hdwd,b,2017
regen_and_plot_input_2021_cleaning.Rmd,plot_data,red_pine,red_pine,c,c,99,772,2021,2017,2021,5,2022.07.25,m,m,a,m,l,915,p,535,l,129,l,833,a,NA,10,1,0,0,0,0,0,3,NA,0,control,oak_hdwd,b,2017
regen_and_plot_input_2021_cleaning.Rmd,plot_data,red_pine,red_pine,c,c,99,773,2021,2017,2021,5,2022.07.25,l,l,a,h,m,786,l,535,l,316,l,833,p,viti,10,1,0,0,0,0,1,2,NA,0,control,oak_hdwd,b,2017
regen_and_plot_input_2021_cleaning.Rmd,plot_data,red_pine,red_pine,c,c,99,774,2021,2017,2021,5,2022.07.25,p,p,a,h,p,915,l,535,l,316,l,129,p,viti,10,0,0,0,0,0,1,1,NA,0,control,oak_hdwd,b,2017
regen_and_plot_input_2021_cleaning.Rmd,plot_data,red_pine,red_pine,c,c,99,775,2021,2017,2021,5,2022.07.25,p,p,a,h,l,915,l,635,l,129,p,129,l,viti,10,0,0,0,0,0,2,2,NA,0,control,oak_hdwd,b,2017
regen_and_plot_input_2021_cleaning.Rmd,plot_data,sta_rd,sta_rd_control,c,c,s1,392,2021,2017,2021,4,2022.06.27,a,p,p,h,h,915,l,635,l,743,m,316,a,NA,10,0,0,2,1,0,0,2,NA,0,control,n_hdwd,b,2018
regen_and_plot_input_2021_cleaning.Rmd,plot_data,sta_rd,sta_rd_control,c,c,s1,386,2021,2017,2021,4,2022.06.27,p,p,m,m,m,915,a,NA,l,372,a,NA,p,viti,10,0,0,1,0,0,0,2,NA,0,control,n_hdwd,b,2018
regen_and_plot_input_2021_cleaning.Rmd,plot_data,sta_rd,sta_rd_control,c,c,s1,387,2021,2017,2021,4,2022.06.27,a,l,l,m,m,915,a,NA,p,761,l,372,a,NA,10,0,0,2,1,0,0,3,NA,0,control,n_hdwd,b,2018
regen_and_plot_input_2021_cleaning.Rmd,plot_data,sta_rd,sta_rd_control,c,c,s1,388,2021,2017,2021,4,2022.06.27,a,m,l,h,h,915,p,905,p,372,p,316,a,NA,10,0,0,1,0,0,0,1,NA,0,control,n_hdwd,b,2018
regen_and_plot_input_2021_cleaning.Rmd,plot_data,sta_rd,sta_rd_control,c,c,s1,389,2021,2017,2021,4,2022.06.27,a,m,p,h,h,915,p,635,p,372,a,NA,p,viti,10,0,0,0,0,0,0,2,NA,0,control,n_hdwd,b,2018
regen_and_plot_input_2021_cleaning.Rmd,plot_data,sta_rd,sta_rd_control,c,c,s1,390,2021,2017,2021,4,2022.06.27,a,p,l,h,h,915,a,NA,p,351,a,NA,a,NA,10,0,1,0,0,0,0,2,NA,0,control,n_hdwd,b,2018
regen_and_plot_input_2021_cleaning.Rmd,plot_data,sta_rd,sta_rd_control,c,c,s1,391,2021,2017,2021,4,2022.06.27,a,p,p,l,h,915,p,635,l,316,m,316,a,NA,10,0,0,2,0,1,0,3,NA,0,control,n_hdwd,b,2018
regen_and_plot_input_2021_cleaning.Rmd,plot_data,sta_rd,sta_rd_control,c,c,s1,393,2021,2017,2021,4,2022.06.27,a,m,p,h,h,915,a,NA,l,315,l,316,a,NA,10,0,0,1,0,1,0,2,NA,0,control,n_hdwd,b,2018
regen_and_plot_input_2021_cleaning.Rmd,plot_data,sta_rd,sta_rd_control,c,c,s1,713,2021,2017,2021,4,2022.06.27,p,m,l,l,h,915,a,NA,l,318,h,318,a,NA,10,0,0,5,0,0,0,4,NA,0,control,n_hdwd,b,2018
regen_and_plot_input_2021_cleaning.Rmd,plot_data,sta_rd,sta_rd_control,c,c,s1,710,2021,2017,2021,4,2022.06.27,a,l,l,m,h,915,a,NA,p,372,h,318,l,viti,10,0,0,4,0,0,0,2,NA,0,control,n_hdwd,b,2018
regen_and_plot_input_2021_cleaning.Rmd,plot_data,sta_rd,sta_rd_control,c,c,s1,711,2021,2017,2021,4,2022.06.27,p,l,l,h,h,915,a,NA,l,926,m,316,a,NA,10,0,0,4,0,0,0,3,NA,0,control,n_hdwd,b,2018
regen_and_plot_input_2021_cleaning.Rmd,plot_data,sta_rd,sta_rd_control,c,c,s1,712,2021,2017,2021,4,2022.06.27,a,l,p,h,h,915,a,NA,m,926,m,318,a,NA,10,0,0,7,0,0,0,1,NA,0,control,n_hdwd,b,2018
regen_and_plot_input_2021_cleaning.Rmd,plot_data,sta_rd,sta_rd_control,c,c,s1,701,2021,2017,2021,4,2022.06.27,a,m,p,h,h,915,a,NA,p,531,m,318,a,NA,10,0,2,5,0,0,0,1,NA,0,control,n_hdwd,b,2018
regen_and_plot_input_2021_cleaning.Rmd,plot_data,sta_rd,sta_rd_control,c,c,s1,702,2021,2017,2021,4,2022.06.27,a,l,l,h,h,915,a,NA,p,372,l,318,a,NA,10,0,0,4,0,0,0,3,NA,0,control,n_hdwd,b,2018
regen_and_plot_input_2021_cleaning.Rmd,plot_data,sta_rd,sta_rd_control,c,c,s1,703,2021,2017,2021,4,2022.06.27,a,l,m,h,h,915,a,NA,l,372,l,318,m,gaap,10,0,0,3,0,0,0,1,NA,0,control,n_hdwd,b,2018
regen_and_plot_input_2021_cleaning.Rmd,plot_data,sta_rd,sta_rd_control,c,c,s1,400,2021,2017,2021,4,2022.06.27,a,m,m,m,h,915,a,NA,p,372,m,316,a,NA,10,0,0,5,0,0,0,1,NA,0,control,n_hdwd,b,2018
regen_and_plot_input_2021_cleaning.Rmd,plot_data,sta_rd,sta_rd_control,c,c,s1,399,2021,2017,2021,4,2022.06.27,a,h,l,m,h,915,a,NA,p,531,m,316,p,gaap,10,0,0,4,1,0,0,4,NA,0,control,n_hdwd,b,2018
regen_and_plot_input_2021_cleaning.Rmd,plot_data,sta_rd,sta_rd_control,c,c,s1,704,2021,2017,2021,4,2022.06.27,a,m,m,l,h,915,a,NA,p,541,l,318,a,NA,10,0,0,5,0,0,0,1,NA,0,control,n_hdwd,b,2018
regen_and_plot_input_2021_cleaning.Rmd,plot_data,sta_rd,sta_rd_control,c,c,s1,709,2021,2017,2021,4,2022.06.28,a,a,h,l,l,915,l,635,l,531,h,316,a,NA,10,0,0,5,0,0,0,1,NA,0,control,n_hdwd,b,2018
regen_and_plot_input_2021_cleaning.Rmd,plot_data,sta_rd,sta_rd_control,c,c,s1,394,2021,2017,2021,4,2022.06.28,l,l,l,m,m,915,a,NA,p,372,h,318,a,NA,10,0,0,5,0,0,0,2,NA,0,control,n_hdwd,b,2018
regen_and_plot_input_2021_cleaning.Rmd,plot_data,sta_rd,sta_rd_control,c,c,s1,708,2021,2017,2021,4,2022.06.28,l,p,l,m,h,915,a,NA,p,531,m,318,a,NA,10,0,0,3,0,0,0,3,NA,0,control,n_hdwd,b,2018
regen_and_plot_input_2021_cleaning.Rmd,plot_data,sta_rd,sta_rd_control,c,c,s1,395,2021,2017,2021,4,2022.06.28,a,l,m,h,h,915,l,635,p,541,p,318,a,NA,10,0,0,1,0,0,0,2,NA,0,control,n_hdwd,b,2018
regen_and_plot_input_2021_cleaning.Rmd,plot_data,sta_rd,sta_rd_control,c,c,s1,707,2021,2017,2021,4,2022.06.28,a,m,m,m,h,915,a,NA,p,372,l,318,a,NA,10,0,0,5,0,0,0,1,NA,0,control,n_hdwd,b,2018
regen_and_plot_input_2021_cleaning.Rmd,plot_data,sta_rd,sta_rd_control,c,c,s1,396,2021,2017,2021,4,2022.06.28,a,l,p,m,h,915,a,NA,l,372,a,NA,p,viti,10,0,0,2,0,0,0,NA,NA,0,control,n_hdwd,b,2018
regen_and_plot_input_2021_cleaning.Rmd,plot_data,sta_rd,sta_rd_control,c,c,s1,706,2021,2017,2021,4,2022.06.28,a,l,p,m,h,915,a,NA,l,761,a,NA,a,NA,10,0,0,2,0,0,0,1,NA,0,control,n_hdwd,b,2018
regen_and_plot_input_2021_cleaning.Rmd,plot_data,sta_rd,sta_rd_control,c,c,s1,397,2021,2017,2021,4,2022.06.28,a,m,p,p,h,915,p,368,l,926,l,318,p,viti,10,0,0,4,0,0,0,NA,NA,0,control,n_hdwd,b,2018
regen_and_plot_input_2021_cleaning.Rmd,plot_data,sta_rd,sta_rd_control,c,c,s1,705,2021,2017,2021,4,2022.06.28,a,l,m,m,h,915,a,NA,p,372,a,NA,p,gaap,10,0,0,1,0,0,0,1,NA,0,control,n_hdwd,b,2018
regen_and_plot_input_2021_cleaning.Rmd,plot_data,sta_rd,sta_rd_control,c,c,s1,398,2021,2017,2021,4,2022.06.28,a,l,l,l,h,915,a,NA,p,531,p,318,a,NA,10,0,0,4,0,0,0,NA,NA,0,control,n_hdwd,b,2018
regen_and_plot_input_2021_cleaning.Rmd,plot_data,sta_rd,sta_rd_control,c,c,s1,946,2021,2017,2021,4,2022.06.28,l,a,m,h,p,915,l,635,m,372,m,318,a,NA,10,0,0,3,0,2,0,NA,NA,0,control,n_hdwd,b,2018
regen_and_plot_input_2021_cleaning.Rmd,plot_data,sta_rd,sta_rd_control,c,c,s1,947,2021,2017,2021,4,2022.06.28,m,a,m,h,p,915,p,635,l,315,m,951,a,NA,10,0,0,3,0,2,0,2,NA,0,control,n_hdwd,b,2018
regen_and_plot_input_2021_cleaning.Rmd,plot_data,sta_rd,sta_rd_control,c,c,s1,948,2021,2017,2021,4,2022.06.28,p,a,m,h,l,915,p,635,m,372,m,318,p,gaap,10,0,0,4,0,1,0,4,NA,0,control,n_hdwd,b,2018
regen_and_plot_input_2021_cleaning.Rmd,plot_data,sta_rd,sta_rd_control,c,c,s1,949,2021,2017,2021,4,2022.06.28,a,p,h,h,h,915,p,635,m,372,m,318,a,NA,10,0,0,3,0,0,0,4,NA,0,control,n_hdwd,b,2018
regen_and_plot_input_2021_cleaning.Rmd,plot_data,sta_rd,sta_rd_control,c,c,s1,384,2021,2017,2021,4,2022.06.28,p,a,l,h,p,915,l,635,p,701,p,318,a,NA,10,0,0,4,0,1,0,1,NA,0,control,n_hdwd,b,2018
regen_and_plot_input_2021_cleaning.Rmd,plot_data,sta_rd,sta_rd_control,c,c,s1,385,2021,2017,2021,4,2022.06.28,l,l,p,h,l,915,l,635,l,531,h,316,a,NA,10,0,0,3,0,1,0,2,NA,0,control,n_hdwd,b,2018
